年月,港口別,總計,國際貨櫃貨,散雜貨,管道貨
200101,國際商港,41530669,27272079,8612561,5646029
200101,基隆港,5895951,4610430,803013,482508
200101,臺中港,5666018,2641122,1915387,1109509
200101,高雄港,28293633,20020527,4516693,3756413
200101,花蓮港,1213775,0,1169938,43837
200101,臺北港,0,0,0,0
200101,蘇澳港,382239,0,153777,228462
200101,安平港,79053,0,53753,25300
200102,國際商港,41282493,27917255,8590882,4774356
200102,基隆港,6034719,4873968,841073,319678
200102,臺中港,5609645,2970162,1814764,824719
200102,高雄港,28145490,20068227,4688507,3388756
200102,花蓮港,1027847,0,988559,39288
200102,臺北港,0,0,0,0
200102,蘇澳港,363546,0,201661,161885
200102,安平港,101246,4898,56318,40030
200103,國際商港,48905404,33452541,9967031,5485832
200103,基隆港,7530528,5904810,1175559,450159
200103,臺中港,6955440,3591702,2365054,998684
200103,高雄港,32451291,23951673,4798764,3700854
200103,花蓮港,1409034,0,1353924,55110
200103,臺北港,0,0,0,0
200103,蘇澳港,436771,0,191846,244925
200103,安平港,122340,4356,81884,36100
200104,國際商港,46832762,31492467,10247251,5093044
200104,基隆港,7063284,5738859,1029706,294719
200104,臺中港,6365925,3294396,2125853,945676
200104,高雄港,31568356,22448520,5536765,3583071
200104,花蓮港,1262189,0,1218949,43240
200104,臺北港,0,0,0,0
200104,蘇澳港,451916,0,255078,196838
200104,安平港,121092,10692,80900,29500
200105,國際商港,48123524,32442831,10485595,5195098
200105,基隆港,7241842,5755905,1070431,415506
200105,臺中港,6601981,3342420,2205422,1054139
200105,高雄港,32279813,23336046,5532474,3411293
200105,花蓮港,1419385,0,1389486,29899
200105,臺北港,0,0,0,0
200105,蘇澳港,452885,0,204306,248579
200105,安平港,127618,8460,83476,35682
200106,國際商港,46100207,31567401,10076657,4456149
200106,基隆港,6700661,5414787,942145,343729
200106,臺中港,6151440,3123126,2171827,856487
200106,高雄港,31454242,23029488,5414518,3010236
200106,花蓮港,1260787,0,1246387,14400
200106,臺北港,0,0,0,0
200106,蘇澳港,454469,0,241772,212697
200106,安平港,78608,0,60008,18600
200107,國際商港,46725407,31504851,10201855,5018701
200107,基隆港,6638075,5235453,984923,417699
200107,臺中港,6512492,3143700,2517165,851627
200107,高雄港,31974902,23114898,5384654,3475350
200107,花蓮港,1111793,0,1066982,44811
200107,臺北港,0,0,0,0
200107,蘇澳港,389037,0,181023,208014
200107,安平港,99108,10800,67108,21200
200108,國際商港,47610935,32691663,10262717,4656555
200108,基隆港,7296175,5759271,1152197,384707
200108,臺中港,6354071,3254580,2317128,782363
200108,高雄港,32178945,23666400,5328925,3183620
200108,花蓮港,1286983,0,1247783,39200
200108,臺北港,0,0,0,0
200108,蘇澳港,395333,0,163265,232068
200108,安平港,99428,11412,53419,34597
200109,國際商港,43584849,30608541,8297663,4678645
200109,基隆港,6214623,5085882,779152,349589
200109,臺中港,6039115,3326976,1968020,744119
200109,高雄港,29943255,22186359,4398252,3358644
200109,花蓮港,989862,0,938746,51116
200109,臺北港,0,0,0,0
200109,蘇澳港,330889,0,181842,149047
200109,安平港,67105,9324,31651,26130
200110,國際商港,48895042,32775534,10743345,5376163
200110,基隆港,7409221,5812020,1151605,445596
200110,臺中港,6505296,3245778,2473854,785664
200110,高雄港,33212558,23717736,5657149,3837673
200110,花蓮港,1282844,0,1256621,26223
200110,臺北港,0,0,0,0
200110,蘇澳港,363387,0,133080,230307
200110,安平港,121736,0,71036,50700
200111,國際商港,45891597,31802247,9675233,4414117
200111,基隆港,7233917,5672799,1150169,410949
200111,臺中港,6323357,3337596,2139772,845989
200111,高雄港,30237255,22791852,4545295,2900108
200111,花蓮港,1531427,0,1487797,43630
200111,臺北港,0,0,0,0
200111,蘇澳港,403941,0,237000,166941
200111,安平港,161700,0,115200,46500
200112,國際商港,47390111,31858920,10704424,4826767
200112,基隆港,7159132,5506578,1211742,440812
200112,臺中港,6282958,3225186,2265152,792620
200112,高雄港,32007117,23127156,5517964,3361997
200112,花蓮港,1467498,0,1403417,64081
200112,臺北港,0,0,0,0
200112,蘇澳港,360044,0,192787,167257
200112,安平港,113362,0,113362,0
200201,國際商港,45009847,30671649,9604302,4733896
200201,基隆港,6973313,5469291,1182988,321034
200201,臺中港,6008469,3265380,1838233,904856
200201,高雄港,29960552,21924486,4781016,3255050
200201,花蓮港,1453865,0,1422763,31102
200201,臺北港,0,0,0,0
200201,蘇澳港,400867,0,232013,168854
200201,安平港,212781,12492,147289,53000
200202,國際商港,39019238,26531982,8522424,3964832
200202,基隆港,4977551,3909132,776489,291930
200202,臺中港,5587387,2684556,2153488,749343
200202,高雄港,26858095,19928574,4265599,2663922
200202,花蓮港,1066799,0,1041235,25564
200202,臺北港,0,0,0,0
200202,蘇澳港,401708,0,188835,212873
200202,安平港,127698,9720,96778,21200
200203,國際商港,50322602,35053344,10501896,4767362
200203,基隆港,7328895,5836644,1149200,343051
200203,臺中港,6531652,3784860,1827725,919067
200203,高雄港,34406886,25431840,5749740,3225306
200203,花蓮港,1408782,0,1356514,52268
200203,臺北港,0,0,0,0
200203,蘇澳港,437975,0,256205,181770
200203,安平港,208412,0,162512,45900
200204,國際商港,50588976,35125245,10834180,4629551
200204,基隆港,7717966,6134544,1244571,338851
200204,臺中港,6986119,3794868,2421045,770206
200204,高雄港,33830255,25175673,5415954,3238628
200204,花蓮港,1339555,0,1294179,45376
200204,臺北港,0,0,0,0
200204,蘇澳港,452405,0,254915,197490
200204,安平港,262676,20160,203516,39000
200205,國際商港,52685966,36126387,11498627,5060952
200205,基隆港,8058164,6207489,1368571,482104
200205,臺中港,7154431,3707964,2601098,845369
200205,高雄港,35396467,26201466,5748261,3446740
200205,花蓮港,1387288,0,1382665,4623
200205,臺北港,0,0,0,0
200205,蘇澳港,460497,0,219161,241336
200205,安平港,229119,9468,178871,40780
200206,國際商港,51321703,35771832,10959437,4590434
200206,基隆港,7697077,5994531,1176667,525879
200206,臺中港,7004215,3563100,2601446,839669
200206,高雄港,34756580,26209305,5592868,2954407
200206,花蓮港,1202958,0,1176838,26120
200206,臺北港,0,0,0,0
200206,蘇澳港,463745,0,247903,215842
200206,安平港,197128,4896,163715,28517
200207,國際商港,52180857,35957961,11253426,4969470
200207,基隆港,7713650,5905971,1393539,414140
200207,臺中港,6743643,3482226,2328508,932909
200207,高雄港,35512777,26555004,5661997,3295776
200207,花蓮港,1527693,0,1501496,26197
200207,臺北港,0,0,0,0
200207,蘇澳港,467802,0,196354,271448
200207,安平港,215292,14760,171532,29000
200208,國際商港,52947602,35994330,11952416,5000856
200208,基隆港,8097524,5997258,1607694,492572
200208,臺中港,6995007,3634488,2543344,817175
200208,高雄港,35647095,26353404,5827101,3466590
200208,花蓮港,1504919,0,1474658,30261
200208,臺北港,0,0,0,0
200208,蘇澳港,485707,0,323059,162648
200208,安平港,217350,9180,176560,31610
200209,國際商港,50997651,34982415,11418297,4596939
200209,基隆港,7202211,5490243,1256826,455142
200209,臺中港,6713924,3256884,2671214,785826
200209,高雄港,34842337,26226792,5588410,3027135
200209,花蓮港,1474462,0,1440976,33486
200209,臺北港,0,0,0,0
200209,蘇澳港,525491,0,268341,257150
200209,安平港,239226,8496,192530,38200
200210,國際商港,52908483,36256815,11549229,5102439
200210,基隆港,7854838,6142824,1333037,378977
200210,臺中港,7251961,3952872,2442806,856283
200210,高雄港,35342973,26151759,5674412,3516802
200210,花蓮港,1629637,0,1592709,36928
200210,臺北港,0,0,0,0
200210,蘇澳港,541375,0,275716,265659
200210,安平港,287699,9360,230549,47790
200211,國際商港,54331233,37815813,11765909,4749511
200211,基隆港,7422546,5807286,1283366,331894
200211,臺中港,7236563,3946248,2437421,852894
200211,高雄港,37321525,28051263,6059488,3210774
200211,花蓮港,1525618,0,1463013,62605
200211,臺北港,0,0,0,0
200211,蘇澳港,504838,0,266254,238584
200211,安平港,320143,11016,256367,52760
200212,國際商港,54396664,37623051,12013340,4760273
200212,基隆港,7867300,6174297,1282259,410744
200212,臺中港,7294927,3898188,2542738,854001
200212,高雄港,36811627,27540306,6125788,3145533
200212,花蓮港,1638593,0,1583693,54900
200212,臺北港,0,0,0,0
200212,蘇澳港,420706,0,168611,252095
200212,安平港,363511,10260,310251,43000
200301,國際商港,49042268,32732118,11505713,4804437
200301,基隆港,7274318,5779944,1132975,361399
200301,臺中港,6779084,3529944,2366074,883066
200301,高雄港,32574915,23405598,5797581,3371736
200301,花蓮港,1569035,0,1549840,19195
200301,臺北港,0,0,0,0
200301,蘇澳港,430233,0,295092,135141
200301,安平港,414683,16632,364151,33900
200302,國際商港,47605025,32913099,10129937,4561989
200302,基隆港,6062822,4635153,1120010,307659
200302,臺中港,5899381,3096612,2210095,592674
200302,高雄港,33836860,25170390,5264005,3402465
200302,花蓮港,1058197,0,1027905,30292
200302,臺北港,0,0,0,0
200302,蘇澳港,436977,0,236578,200399
200302,安平港,310788,10944,271344,28500
200303,國際商港,54437720,38257236,11700774,4479710
200303,基隆港,7907888,6299505,1334461,273922
200303,臺中港,7266003,3926790,2474829,864384
200303,高雄港,37071376,28015785,5942896,3112695
200303,花蓮港,1318111,0,1301885,16226
200303,臺北港,0,0,0,0
200303,蘇澳港,440627,0,259644,180983
200303,安平港,433715,15156,387059,31500
200304,國際商港,55330127,38037312,12401135,4891680
200304,基隆港,7660540,6065397,1351559,243584
200304,臺中港,7662472,3797730,3159210,705532
200304,高雄港,37935162,28163745,6125690,3645727
200304,花蓮港,1233723,0,1204581,29142
200304,臺北港,0,0,0,0
200304,蘇澳港,452807,0,218812,233995
200304,安平港,385423,10440,341283,33700
200305,國際商港,53577549,36369099,12048547,5159903
200305,基隆港,7972897,6091200,1499454,382243
200305,臺中港,6946174,3781008,2459955,705211
200305,高雄港,36105397,26496891,5876033,3732473
200305,花蓮港,1657164,0,1611547,45617
200305,臺北港,0,0,0,0
200305,蘇澳港,454679,0,194120,260559
200305,安平港,441238,0,407438,33800
200306,國際商港,50743852,34872768,11745421,4125663
200306,基隆港,7733834,6036714,1398044,299076
200306,臺中港,7026458,3604770,2720142,701546
200306,高雄港,33593635,25218792,5542720,2832123
200306,花蓮港,1554663,0,1530615,24048
200306,臺北港,0,0,0,0
200306,蘇澳港,465739,0,238302,227437
200306,安平港,369523,12492,315598,41433
200307,國際商港,53478799,36546192,12124055,4808552
200307,基隆港,8016107,6049449,1639624,327034
200307,臺中港,7221909,3627918,2786078,807913
200307,高雄港,35938291,26851077,5609682,3477532
200307,花蓮港,1478319,0,1473346,4973
200307,臺北港,0,0,0,0
200307,蘇澳港,472492,0,315892,156600
200307,安平港,351681,17748,299433,34500
200308,國際商港,54358176,37484370,12428304,4445502
200308,基隆港,7796709,5808303,1614750,373656
200308,臺中港,6975131,3637548,2631924,705659
200308,高雄港,37167843,28028043,6148154,2991646
200308,花蓮港,1583619,0,1519031,64588
200308,臺北港,0,0,0,0
200308,蘇澳港,489748,0,206295,283453
200308,安平港,345126,10476,308150,26500
200309,國際商港,50925965,35053200,11271944,4600821
200309,基隆港,7664989,5990778,1296399,377812
200309,臺中港,6819198,3786660,2409704,622834
200309,高雄港,34119998,25260894,5531586,3327518
200309,花蓮港,1483145,0,1478246,4899
200309,臺北港,0,0,0,0
200309,蘇澳港,496439,0,256181,240258
200309,安平港,342196,14868,299828,27500
200310,國際商港,55627947,37456110,13491840,4679997
200310,基隆港,8531776,6450426,1772880,308470
200310,臺中港,7435625,3973356,2681421,780848
200310,高雄港,37128451,27021528,6807605,3299318
200310,花蓮港,1644751,0,1617233,27518
200310,臺北港,0,0,0,0
200310,蘇澳港,512394,0,285051,227343
200310,安平港,374950,10800,327650,36500
200311,國際商港,54340601,37006884,12086641,5247076
200311,基隆港,7953157,6271407,1374429,307321
200311,臺中港,7039722,3795192,2440119,804411
200311,高雄港,36753272,26915121,6022591,3815560
200311,花蓮港,1671667,0,1589340,82327
200311,臺北港,0,0,0,0
200311,蘇澳港,513722,0,333465,180257
200311,安平港,409061,25164,326697,57200
200312,國際商港,56109374,38682711,12451910,4974753
200312,基隆港,8528901,6547158,1708493,273250
200312,臺中港,7502810,4299444,2379314,824052
200312,高雄港,37418414,27813285,5969414,3635715
200312,花蓮港,1804341,0,1785312,19029
200312,臺北港,0,0,0,0
200312,蘇澳港,456933,0,288226,168707
200312,安平港,397975,22824,321151,54000
200401,國際商港,53569254,35733627,12690629,5144998
200401,基隆港,6799037,5443452,1063614,291971
200401,臺中港,6820847,3449736,2711899,659212
200401,高雄港,36899343,26818911,6431332,3649100
200401,花蓮港,1670109,0,1621298,48811
200401,臺北港,610768,0,399705,211063
200401,蘇澳港,441109,0,212768,228341
200401,安平港,328041,21528,250013,56500
200402,國際商港,53226320,35973243,12152570,5100507
200402,基隆港,7313041,5687154,1363017,262870
200402,臺中港,7288506,3718512,2867168,702826
200402,高雄港,35809228,26546589,5573036,3689603
200402,花蓮港,1539547,0,1495897,43650
200402,臺北港,484602,0,336963,147639
200402,蘇澳港,445414,0,244393,201021
200402,安平港,345982,20988,272096,52898
200403,國際商港,59456382,40191750,13568149,5696483
200403,基隆港,8503785,6500691,1680726,322368
200403,臺中港,7307095,3920184,2691025,695886
200403,高雄港,40400011,29751471,6495065,4153475
200403,花蓮港,1707856,0,1645896,61960
200403,臺北港,635009,0,429072,205937
200403,蘇澳港,491358,0,307787,183571
200403,安平港,411268,19404,318578,73286
200404,國際商港,59380154,40297239,13725158,5357757
200404,基隆港,8687199,6485760,1835796,365643
200404,臺中港,7614432,3842316,3003883,768233
200404,高雄港,39694092,29951415,6063966,3678711
200404,花蓮港,1904339,0,1880538,23801
200404,臺北港,556101,0,367882,188219
200404,蘇澳港,500986,0,235782,265204
200404,安平港,423005,17748,337311,67946
200405,國際商港,60715788,40837185,13944481,5934122
200405,基隆港,8933400,6735078,1727987,470335
200405,臺中港,7491185,3829824,2900768,760593
200405,高雄港,40759082,30265083,6273595,4220404
200405,花蓮港,1911616,0,1899137,12479
200405,臺北港,665516,0,479409,186107
200405,蘇澳港,521331,0,319613,201718
200405,安平港,433658,7200,343972,82486
200406,國際商港,59442983,40037517,13726417,5679049
200406,基隆港,8641679,6549561,1747074,345044
200406,臺中港,7763496,3578400,3466141,718955
200406,高雄港,39663270,29894616,5684740,4083914
200406,花蓮港,1688333,0,1653325,35008
200406,臺北港,630443,0,415655,214788
200406,蘇澳港,561420,0,360997,200423
200406,安平港,494342,14940,398485,80917
200407,國際商港,59865518,40202604,14584305,5078609
200407,基隆港,8501067,6414210,1753996,332861
200407,臺中港,7890149,3898512,3320275,671362
200407,高雄港,39746980,29875698,6344095,3527187
200407,花蓮港,1992504,0,1960347,32157
200407,臺北港,685949,0,505985,179964
200407,蘇澳港,563099,0,304933,258166
200407,安平港,485770,14184,394674,76912
200408,國際商港,57838552,39439791,13524208,4874553
200408,基隆港,7823228,5841045,1581894,400289
200408,臺中港,7408516,3579084,3255933,573499
200408,高雄港,39015608,30008034,5652925,3354649
200408,花蓮港,1814472,0,1757937,56535
200408,臺北港,727414,0,514303,213111
200408,蘇澳港,568454,0,369876,198578
200408,安平港,480860,11628,391340,77892
200409,國際商港,57776427,38899548,13493615,5383264
200409,基隆港,7934924,6054813,1480394,399717
200409,臺中港,7123287,3779046,2634730,709511
200409,高雄港,39480067,29047833,6662798,3769436
200409,花蓮港,1677572,0,1672876,4696
200409,臺北港,635131,0,441427,193704
200409,蘇澳港,510608,0,268022,242586
200409,安平港,414838,17856,333368,63614
200410,國際商港,57934890,39001140,13422536,5511214
200410,基隆港,8175015,6332985,1440291,401739
200410,臺中港,7429474,3799872,2978844,650758
200410,高雄港,38867320,28859859,6132405,3875056
200410,花蓮港,1860421,0,1821846,38575
200410,臺北港,657086,0,435791,221295
200410,蘇澳港,515078,0,271398,243680
200410,安平港,430496,8424,341961,80111
200411,國際商港,58459390,39381336,13691054,5387000
200411,基隆港,8468740,6351993,1693012,423735
200411,臺中港,7591557,3756024,2971113,864420
200411,高雄港,38862192,29273319,6042961,3545912
200411,花蓮港,1860477,0,1836146,24331
200411,臺北港,720706,0,537710,182996
200411,蘇澳港,524557,0,256767,267790
200411,安平港,431161,0,353345,77816
200412,國際商港,58575390,39242043,13675685,5657662
200412,基隆港,7984854,6130170,1492136,362548
200412,臺中港,7173361,3675168,2722853,775340
200412,高雄港,39715386,29415321,6331758,3968307
200412,花蓮港,2123803,0,2046310,77493
200412,臺北港,734091,0,542913,191178
200412,蘇澳港,430817,0,221138,209679
200412,安平港,413078,21384,318577,73117
200501,國際商港,58812304,38139462,15285345,5387497
200501,基隆港,8844384,6604011,1890702,349671
200501,臺中港,7864634,3695184,3300430,869020
200501,高雄港,38196131,27816147,6736486,3643498
200501,花蓮港,2177890,0,2145323,32567
200501,臺北港,792623,0,590681,201942
200501,蘇澳港,453116,0,250270,202846
200501,安平港,483526,24120,371453,87953
200502,國際商港,47691688,32091066,10891696,4708926
200502,基隆港,5538406,4343445,981707,213254
200502,臺中港,6255561,3106548,2558285,590728
200502,高雄港,32886337,24627105,4888815,3370417
200502,花蓮港,1572018,0,1549447,22571
200502,臺北港,616232,0,417331,198901
200502,蘇澳港,504651,0,277899,226752
200502,安平港,318483,13968,218212,86303
200503,國際商港,59622862,41016393,13395185,5211284
200503,基隆港,8365265,6387957,1659386,317922
200503,臺中港,7426311,3887892,2782931,755488
200503,高雄港,40531742,30732912,6246620,3552210
200503,花蓮港,1719350,0,1694518,24832
200503,臺北港,556798,0,377116,179682
200503,蘇澳港,534560,0,251516,283044
200503,安平港,488836,7632,383098,98106
200504,國際商港,58112488,38897748,13709735,5505005
200504,基隆港,8439205,6403347,1788764,247094
200504,臺中港,7342093,3728844,2902764,710485
200504,高雄港,38712169,28746837,6118654,3846678
200504,花蓮港,1821960,0,1761650,60310
200504,臺北港,736103,0,489851,246252
200504,蘇澳港,555621,0,276675,278946
200504,安平港,505337,18720,371377,115240
200505,國際商港,60019614,40299048,14616322,5104244
200505,基隆港,8579698,6547032,1657271,375395
200505,臺中港,7604478,3821400,3160216,622862
200505,高雄港,39883847,29916144,6454855,3512848
200505,花蓮港,2058853,0,2054077,4776
200505,臺北港,846466,0,614926,231540
200505,蘇澳港,556997,0,281390,275607
200505,安平港,489275,14472,393587,81216
200506,國際商港,59013710,40340817,13075655,5597238
200506,基隆港,8747467,6537168,1830356,379943
200506,臺中港,7511249,3862728,2992772,655749
200506,高雄港,39073047,29919033,5177760,3976254
200506,花蓮港,1919683,0,1877179,42504
200506,臺北港,771328,0,565542,205786
200506,蘇澳港,608396,0,329809,278587
200506,安平港,382540,21888,302237,58415
200507,國際商港,55918375,37415430,13445474,5057471
200507,基隆港,7980071,6059277,1674212,246582
200507,臺中港,7113373,3574800,2994859,543714
200507,高雄港,37208450,27773397,5888412,3546641
200507,花蓮港,1818981,0,1760776,58205
200507,臺北港,746675,0,507445,239230
200507,蘇澳港,611245,0,295643,315602
200507,安平港,439580,7956,324127,107497
200508,國際商港,58011592,39297798,13300911,5412883
200508,基隆港,8194643,6188616,1690073,315954
200508,臺中港,7399857,3591648,3225716,582493
200508,高雄港,38804927,29502126,5422581,3880220
200508,花蓮港,1753590,0,1730887,22703
200508,臺北港,763718,0,566153,197565
200508,蘇澳港,614314,0,309635,304679
200508,安平港,480543,15408,355866,109269
200509,國際商港,57140331,37651923,14161466,5326942
200509,基隆港,8183985,6162597,1627196,394192
200509,臺中港,7284585,3613428,3111060,560097
200509,高雄港,37757919,27859518,6134124,3764277
200509,花蓮港,1861547,0,1840740,20807
200509,臺北港,914135,0,717139,196996
200509,蘇澳港,533371,0,255937,277434
200509,安平港,604789,16380,475270,113139
200510,國際商港,58033124,38737260,14260824,5035040
200510,基隆港,8950852,6738615,1854309,357928
200510,臺中港,7552427,3849120,3081113,622194
200510,高雄港,37803894,28132281,6243286,3428327
200510,花蓮港,1483769,0,1420371,63398
200510,臺北港,923726,0,733639,190087
200510,蘇澳港,536579,0,263028,273551
200510,安平港,781877,17244,665078,99555
200511,國際商港,57033903,38089296,13499188,5445419
200511,基隆港,8502981,6548031,1545448,409502
200511,臺中港,7545611,3786516,3016453,742642
200511,高雄港,36679912,27738837,5262877,3678198
200511,花蓮港,1795886,0,1772482,23404
200511,臺北港,1051502,0,852241,199261
200511,蘇澳港,546664,0,278383,268281
200511,安平港,911347,15912,771304,124131
200512,國際商港,58516662,38709018,13907537,5900107
200512,基隆港,8839690,6772383,1663240,404067
200512,臺中港,7529352,3722832,2941145,865375
200512,高雄港,37887374,28193679,5602932,4090763
200512,花蓮港,1966054,0,1923010,43044
200512,臺北港,1012341,0,846417,165924
200512,蘇澳港,466348,0,245920,220428
200512,安平港,815503,20124,684873,110506
200601,國際商港,55370714,37164357,12852846,5353511
200601,基隆港,8127872,6055263,1581652,490957
200601,臺中港,7266066,3427848,2939335,898883
200601,高雄港,35914998,27664506,4885430,3365062
200601,花蓮港,1788343,0,1748870,39473
200601,臺北港,1045771,0,820370,225401
200601,蘇澳港,475126,0,257984,217142
200601,安平港,752538,16740,619205,116593
200602,國際商港,50477043,33268590,12254429,4954024
200602,基隆港,7316274,5531850,1381946,402478
200602,臺中港,6598438,3063348,2833237,701853
200602,高雄港,32728523,24656292,4862820,3209411
200602,花蓮港,1651528,0,1592930,58598
200602,臺北港,862017,0,649290,212727
200602,蘇澳港,511087,0,263243,247844
200602,安平港,809176,17100,670963,121113
200603,國際商港,60961356,40433976,14859025,5668355
200603,基隆港,8360157,6425676,1496904,437577
200603,臺中港,7932184,3855204,3370099,706881
200603,高雄港,40304264,30137256,6308249,3858759
200603,花蓮港,1781041,0,1761302,19739
200603,臺北港,1135476,0,906469,229007
200603,蘇澳港,557255,0,268303,288952
200603,安平港,890979,15840,747699,127440
200604,國際商港,59969113,39613194,14981914,5374005
200604,基隆港,8617429,6630291,1504495,482643
200604,臺中港,7911677,3754332,3433664,723681
200604,高雄港,38934166,29203515,6258719,3471932
200604,花蓮港,1670398,0,1599286,71112
200604,臺北港,1122090,0,890820,231270
200604,蘇澳港,598959,0,329179,269780
200604,安平港,1114394,25056,965751,123587
200605,國際商港,62446323,41020344,15203118,6222861
200605,基隆港,8424991,6505785,1478776,440430
200605,臺中港,7900767,3727836,3536357,636574
200605,高雄港,41864004,30776715,6651738,4435551
200605,花蓮港,1621107,0,1579939,41168
200605,臺北港,1167080,0,915433,251647
200605,蘇澳港,600390,0,294238,306152
200605,安平港,867984,10008,746637,111339
200606,國際商港,59561606,39459681,14717534,5384391
200606,基隆港,8265424,6367518,1452546,445360
200606,臺中港,7943236,3801492,3430192,711552
200606,高雄港,39002217,29268567,6200287,3533363
200606,花蓮港,1669997,0,1598871,71126
200606,臺北港,1231545,0,963204,268341
200606,蘇澳港,610265,0,350103,260162
200606,安平港,838922,22104,722331,94487
200607,國際商港,58416905,39254508,14185307,4977090
200607,基隆港,8225328,6271974,1552215,401139
200607,臺中港,7315201,3724596,3016309,574296
200607,高雄港,38768144,29242710,6281780,3243654
200607,花蓮港,1595234,0,1576230,19004
200607,臺北港,1127244,0,828292,298952
200607,蘇澳港,586666,0,258641,328025
200607,安平港,799088,15228,671840,112020
200608,國際商港,61666287,41187888,15214624,5263775
200608,基隆港,8238354,6424308,1462352,351694
200608,臺中港,7711531,3696372,3324654,690505
200608,高雄港,41148229,31050612,6546006,3551611
200608,花蓮港,1656747,0,1623137,33610
200608,臺北港,1337862,0,1055994,281868
200608,蘇澳港,615472,0,356324,259148
200608,安平港,958092,16596,846157,95339
200609,國際商港,59067142,39582171,14654817,4830154
200609,基隆港,8499528,6569073,1503027,427428
200609,臺中港,7318897,3468096,3229787,621014
200609,高雄港,38765261,29527470,6126567,3111224
200609,花蓮港,1766295,0,1699859,66436
200609,臺北港,1274019,0,1030447,243572
200609,蘇澳港,530618,0,246455,284163
200609,安平港,912524,17532,818675,76317
200610,國際商港,58335955,39511611,14169551,4654793
200610,基隆港,8299346,6440382,1434506,424458
200610,臺中港,7284815,3410892,3282459,591464
200610,高雄港,38189917,29637765,5588927,2963225
200610,花蓮港,1743800,0,1690410,53390
200610,臺北港,1297443,0,1043594,253849
200610,蘇澳港,453420,0,207969,245451
200610,安平港,1067214,22572,921686,122956
200611,國際商港,59276591,40015098,14111042,5150451
200611,基隆港,8295835,6483843,1396209,415783
200611,臺中港,7299514,3544596,3178829,576089
200611,高雄港,39138508,29970567,5611159,3556782
200611,花蓮港,1622470,0,1583891,38579
200611,臺北港,1207218,0,972059,235159
200611,蘇澳港,586868,0,360319,226549
200611,安平港,1126178,16092,1008576,101510
200612,國際商港,60956805,41372829,14384411,5199565
200612,基隆港,8808862,6931386,1406476,471000
200612,臺中港,7840986,3672468,3296874,871644
200612,高雄港,40125736,30752163,6091278,3282295
200612,花蓮港,1505072,0,1471176,33896
200612,臺北港,1185763,0,937472,248291
200612,蘇澳港,477586,0,294263,183323
200612,安平港,1012800,16812,886872,109116
200701,國際商港,60236893,40547727,14432212,5256954
200701,基隆港,8117395,6499971,1270151,347273
200701,臺中港,7299645,3490200,3029190,780255
200701,高雄港,40152061,30537936,6136868,3477257
200701,花蓮港,1739881,0,1666257,73624
200701,臺北港,1386549,0,1092727,293822
200701,蘇澳港,492425,0,309312,183113
200701,安平港,1048937,19620,927707,101610
200702,國際商港,52119161,35398467,12049608,4671086
200702,基隆港,6723074,5205258,1080531,437285
200702,臺中港,6118108,2792592,2820999,504517
200702,高雄港,35573147,27382329,5092683,3098135
200702,花蓮港,1454252,0,1423258,30994
200702,臺北港,1007521,0,792967,214554
200702,蘇澳港,519523,0,219684,299839
200702,安平港,723536,18288,619486,85762
200703,國際商港,59204407,40790133,13553217,4861057
200703,基隆港,7696610,6486525,907023,303062
200703,臺中港,7684509,3895452,3065530,723527
200703,高雄港,39649421,30400632,6135981,3112808
200703,花蓮港,1694072,0,1632821,61251
200703,臺北港,1037938,0,773017,264921
200703,蘇澳港,563518,0,300152,263366
200703,安平港,878339,7524,738693,132122
200704,國際商港,59234839,40772520,12820414,5641905
200704,基隆港,8186569,6883794,991634,311141
200704,臺中港,7080719,3591684,2726512,762523
200704,高雄港,39991981,30267810,5839713,3884458
200704,花蓮港,1886365,0,1829905,56460
200704,臺北港,831948,0,598769,233179
200704,蘇澳港,600706,0,310056,290650
200704,安平港,656551,29232,523825,103494
200705,國際商港,59714782,41233950,13182802,5298030
200705,基隆港,8535812,7007022,1098641,430149
200705,臺中港,7542240,3824460,2939781,777999
200705,高雄港,39633632,30383964,5805106,3444562
200705,花蓮港,1796540,0,1775091,21449
200705,臺北港,1042802,0,786730,256072
200705,蘇澳港,601435,0,330337,271098
200705,安平港,562321,18504,447116,96701
200706,國際商港,59424886,40957614,13821975,4645297
200706,基隆港,8264721,6845553,1085414,333754
200706,臺中港,8027735,3947148,3630345,450242
200706,高雄港,39496379,30156309,6084455,3255615
200706,花蓮港,1513613,0,1499549,14064
200706,臺北港,1091135,0,858036,233099
200706,蘇澳港,513061,0,256319,256742
200706,安平港,518242,8604,407857,101781
200707,國際商港,59656228,42310053,12398756,4947419
200707,基隆港,8382730,6960978,1106554,315198
200707,臺中港,7711356,3842064,3233267,636025
200707,高雄港,39641361,31486743,4882166,3272452
200707,花蓮港,1684402,0,1616159,68243
200707,臺北港,1081536,0,805293,276243
200707,蘇澳港,539537,0,257219,282318
200707,安平港,615306,20268,498098,96940
200708,國際商港,59640239,42300864,12120023,5219352
200708,基隆港,8310003,6904692,1064383,340928
200708,臺中港,7395946,3791376,3009301,595269
200708,高雄港,40564562,31586148,5210026,3768388
200708,花蓮港,1561980,0,1522158,39822
200708,臺北港,895161,0,731070,164091
200708,蘇澳港,474102,0,263529,210573
200708,安平港,438485,18648,319556,100281
200709,國際商港,58041388,40826448,12814717,4400223
200709,基隆港,7971554,6444837,1175257,351460
200709,臺中港,7293508,3733524,2850380,709604
200709,高雄港,39290627,30626415,5744849,2919363
200709,花蓮港,1549496,0,1502249,47247
200709,臺北港,983852,0,857907,125945
200709,蘇澳港,455057,0,288214,166843
200709,安平港,497294,21672,395861,79761
200710,國際商港,60795235,43028478,12714303,5052454
200710,基隆港,8413923,7008975,1144884,260064
200710,臺中港,8162669,3873240,3577503,711926
200710,高雄港,41087895,32123979,5312819,3651097
200710,花蓮港,1422972,0,1382745,40227
200710,臺北港,724129,0,650809,73320
200710,蘇澳港,442891,0,243975,198916
200710,安平港,540756,22284,401568,116904
200711,國際商港,58428264,41790366,11642403,4995495
200711,基隆港,7930372,6571845,953144,405383
200711,臺中港,7470158,3854844,2878245,737069
200711,高雄港,39984475,31341969,5268217,3374289
200711,花蓮港,1377292,0,1350624,26668
200711,臺北港,767835,0,669136,98699
200711,蘇澳港,450154,0,179358,270796
200711,安平港,447978,21708,343679,82591
200712,國際商港,63762941,44199225,14243260,5320456
200712,基隆港,8677178,6937929,1349491,389758
200712,臺中港,9008688,4282416,3823170,903102
200712,高雄港,42556615,32951628,5993114,3611873
200712,花蓮港,1700604,0,1664193,36411
200712,臺北港,834672,0,775523,59149
200712,蘇澳港,365481,0,178538,186943
200712,安平港,619703,27252,459231,133220
200801,國際商港,58761140,41636448,12373269,4751423
200801,基隆港,8155192,6547626,1283346,324220
200801,臺中港,6972624,3849912,2434464,688248
200801,高雄港,39990078,31216050,5443745,3330283
200801,花蓮港,1658549,0,1635566,22983
200801,臺北港,929651,0,866153,63498
200801,蘇澳港,454809,0,270844,183965
200801,安平港,600237,22860,439151,138226
200802,國際商港,50912258,35830575,10732542,4349141
200802,基隆港,6502443,5180607,957968,363868
200802,臺中港,6606407,3386628,2392813,826966
200802,高雄港,34999054,27241164,4939397,2818493
200802,花蓮港,1145889,0,1136262,9627
200802,臺北港,773260,0,718097,55163
200802,蘇澳港,468571,0,273024,195547
200802,安平港,416634,22176,314981,79477
200803,國際商港,59359737,41434263,12481745,5443729
200803,基隆港,8362454,6921495,1137777,303182
200803,臺中港,7605835,4369572,2557786,678477
200803,高雄港,39710330,30124440,5606737,3979153
200803,花蓮港,1611087,0,1561951,49136
200803,臺北港,901194,0,832878,68316
200803,蘇澳港,510762,0,235881,274881
200803,安平港,658075,18756,548735,90584
200804,國際商港,58535678,40420953,13546521,4568204
200804,基隆港,8139854,6771609,1099101,269144
200804,臺中港,7871143,3682584,3508749,679810
200804,高雄港,38971611,29948256,5761074,3262281
200804,花蓮港,1579296,0,1533313,45983
200804,臺北港,824487,0,756866,67621
200804,蘇澳港,421682,0,262495,159187
200804,安平港,727605,18504,624923,84178
200805,國際商港,59937880,41872797,13160888,4904195
200805,基隆港,8368860,6875136,1099086,394638
200805,臺中港,8369206,4062168,3485147,821891
200805,高雄港,39920660,30916089,5637337,3367234
200805,花蓮港,1408837,0,1376766,32071
200805,臺北港,755286,0,690025,65261
200805,蘇澳港,431129,0,293973,137156
200805,安平港,683902,19404,578554,85944
200806,國際商港,57103903,40138668,12537693,4427542
200806,基隆港,8003154,6507333,1115735,380086
200806,臺中港,7843418,3697236,3340499,805683
200806,高雄港,37996854,29902779,5152642,2941433
200806,花蓮港,1510782,0,1480469,30313
200806,臺北港,801735,0,750741,50994
200806,蘇澳港,423743,0,284550,139193
200806,安平港,524217,31320,413057,79840
200807,國際商港,58624136,41673339,12505803,4444994
200807,基隆港,7869679,6458940,1074725,336014
200807,臺中港,8209010,3773628,3661994,773388
200807,高雄港,39255180,31420395,4952214,2882571
200807,花蓮港,1507329,0,1446862,60467
200807,臺北港,788802,0,695098,93704
200807,蘇澳港,420248,0,212531,207717
200807,安平港,573888,20376,462379,91133
200808,國際商港,60408675,41801283,13407889,5199503
200808,基隆港,8198623,6519096,1352652,326875
200808,臺中港,8009144,3920292,3422822,666030
200808,高雄港,40946822,31343715,5759846,3843261
200808,花蓮港,1500099,0,1483421,16678
200808,臺北港,804979,0,736615,68364
200808,蘇澳港,383137,0,216015,167122
200808,安平港,565871,18180,436518,111173
200809,國際商港,51876133,37379214,10662327,3834592
200809,基隆港,7256511,5893938,1063300,299273
200809,臺中港,5910140,2948652,2318198,643290
200809,高雄港,35962967,28526328,4913998,2522641
200809,花蓮港,1197628,0,1178302,19326
200809,臺北港,719572,0,611729,107843
200809,蘇澳港,330194,0,153724,176470
200809,安平港,499121,10296,423076,65749
200810,國際商港,55630909,38334132,12550697,4746080
200810,基隆港,7401634,5981319,1180046,240269
200810,臺中港,7213935,3447144,3120230,646561
200810,高雄港,37646079,28895697,5369849,3380533
200810,花蓮港,1581253,0,1544556,36697
200810,臺北港,895414,0,769051,126363
200810,蘇澳港,425353,0,197742,227611
200810,安平港,467241,9972,369223,88046
200811,國際商港,47607179,32536152,11272492,3798535
200811,基隆港,6657368,5362713,1046646,248009
200811,臺中港,6989743,3640140,2785250,564353
200811,高雄港,31137516,23522715,4943466,2671335
200811,花蓮港,1301078,0,1276145,24933
200811,臺北港,660566,0,574543,86023
200811,蘇澳港,433023,0,282572,150451
200811,安平港,427885,10584,363870,53431
200812,國際商港,49521748,34128324,11581114,3812310
200812,基隆港,6345502,4969476,1154005,222021
200812,臺中港,7693297,3840876,3128819,723602
200812,高雄港,32455295,25298316,4639197,2517782
200812,花蓮港,1418534,0,1389327,29207
200812,臺北港,781675,0,686126,95549
200812,蘇澳港,300790,0,140277,160513
200812,安平港,526655,19656,443363,63636
200901,國際商港,42349931,29144349,9464585,3740997
200901,基隆港,4847859,3772359,894816,180684
200901,臺中港,6448289,3066840,2837017,544432
200901,高雄港,28240122,22288662,3361189,2590271
200901,花蓮港,1114303,0,1063840,50463
200901,臺北港,715458,0,647177,68281
200901,蘇澳港,460203,0,210623,249580
200901,安平港,523697,16488,449923,57286
200902,國際商港,39612315,26829027,8968153,3815135
200902,基隆港,4935510,4023621,715552,196337
200902,臺中港,5531937,2910564,2184604,436769
200902,高雄港,26465351,19844262,3783312,2837777
200902,花蓮港,1005284,0,957019,48265
200902,臺北港,711785,50580,607281,53924
200902,蘇澳港,371653,0,175688,195965
200902,安平港,590795,0,544697,46098
200903,國際商港,50160517,35187021,10791584,4181912
200903,基隆港,6034880,4817925,928348,288607
200903,臺中港,7510739,3748176,3094621,667942
200903,高雄港,32791143,25878321,4247110,2665712
200903,花蓮港,1121162,0,1062358,58804
200903,臺北港,1611526,742599,716005,152922
200903,蘇澳港,414129,0,137011,277118
200903,安平港,676938,0,606131,70807
200904,國際商港,50232065,35352990,10429951,4449124
200904,基隆港,5671753,4663053,799091,209609
200904,臺中港,7287352,3572532,3119018,595802
200904,高雄港,33198359,26189235,3822098,3187026
200904,花蓮港,1223281,0,1146858,76423
200904,臺北港,1859123,928170,824212,106741
200904,蘇澳港,422946,0,208250,214696
200904,安平港,569251,0,510424,58827
200905,國際商港,51167359,35687565,10888261,4591533
200905,基隆港,6179534,4986027,1014903,178604
200905,臺中港,6948362,3517416,2633337,797609
200905,高雄港,33616007,25961094,4429438,3225475
200905,花蓮港,1207811,0,1165169,42642
200905,臺北港,2253458,1223028,927338,103092
200905,蘇澳港,405965,0,229855,176110
200905,安平港,556222,0,488221,68001
200906,國際商港,50784874,35318817,11296291,4169766
200906,基隆港,5889915,4742271,961416,186228
200906,臺中港,7256744,3654072,2850977,751695
200906,高雄港,33147203,25597395,4665790,2884018
200906,花蓮港,1212277,0,1203105,9172
200906,臺北港,2214937,1325079,781259,108599
200906,蘇澳港,409009,0,239025,169984
200906,安平港,654789,0,594719,60070
200907,國際商港,52593160,36390591,11992932,4209637
200907,基隆港,5963362,4811499,971100,180763
200907,臺中港,8032500,3661920,3591428,779152
200907,高雄港,33821528,26290170,4683661,2847697
200907,花蓮港,1090550,0,1067348,23202
200907,臺北港,2608467,1627002,837657,143808
200907,蘇澳港,438649,0,245465,193184
200907,安平港,638104,0,596273,41831
200908,國際商港,54461332,37294074,12831515,4335743
200908,基隆港,5951304,4880916,882127,188261
200908,臺中港,8533607,3722436,4102890,708281
200908,高雄港,35519580,27303570,5125856,3090154
200908,花蓮港,1195097,0,1162585,32512
200908,臺北港,2252080,1387152,802141,62787
200908,蘇澳港,443077,0,263384,179693
200908,安平港,566587,0,492532,74055
200909,國際商港,53239909,37031724,12205831,4002354
200909,基隆港,5944088,4832001,895800,216287
200909,臺中港,7959179,3549132,3790106,619941
200909,高雄港,34481123,27181503,4548482,2751138
200909,花蓮港,1207051,0,1171514,35537
200909,臺北港,2525398,1469088,975999,80311
200909,蘇澳港,479525,0,243852,235673
200909,安平港,643545,0,580078,63467
200910,國際商港,54492412,37955340,11975380,4561692
200910,基隆港,5934452,4908555,832424,193473
200910,臺中港,7675110,3708864,3287618,678628
200910,高雄港,36170968,27905193,4993242,3272533
200910,花蓮港,1075686,0,1050888,24798
200910,臺北港,2521899,1432728,1023065,66106
200910,蘇澳港,488587,0,228344,260243
200910,安平港,625710,0,559799,65911
200911,國際商港,51458562,36855279,10460341,4142942
200911,基隆港,6111136,5035851,835127,240158
200911,臺中港,7511200,3795840,2997927,717433
200911,高雄港,33652721,26755551,4120176,2776994
200911,花蓮港,1187886,0,1164841,23045
200911,臺北港,2179589,1268037,812944,98608
200911,蘇澳港,442918,0,228750,214168
200911,安平港,373112,0,300576,72536
200912,國際商港,55193254,38523150,11931697,4738407
200912,基隆港,6527655,5327604,985178,214873
200912,臺中港,8509820,4074156,3569225,866439
200912,高雄港,36091808,27730872,5066021,3294915
200912,花蓮港,1089315,0,1039771,49544
200912,臺北港,2307095,1390518,847142,69435
200912,蘇澳港,400084,0,232992,167092
200912,安平港,267477,0,191368,76109
201001,國際商港,55262766,38081646,12431898,4749222
201001,基隆港,6562011,5197788,1038451,325772
201001,臺中港,8562042,3956364,3746513,859165
201001,高雄港,35657184,27570213,5044133,3042838
201001,花蓮港,1454570,0,1412158,42412
201001,臺北港,2331916,1357281,875826,98809
201001,蘇澳港,512219,0,231233,280986
201001,安平港,182824,0,83584,99240
201002,國際商港,43037514,30075174,8961406,4000934
201002,基隆港,4500636,3765762,544939,189935
201002,臺中港,6347864,2815992,2803215,728657
201002,高雄港,28849389,22280220,3825595,2743574
201002,花蓮港,988861,0,965450,23411
201002,臺北港,1840196,1213200,585223,41773
201002,蘇澳港,400006,0,210989,189017
201002,安平港,110562,0,25995,84567
201003,國際商港,54583555,39077361,10916566,4589628
201003,基隆港,6716248,5508729,938627,268892
201003,臺中港,8701437,4118508,3676115,906814
201003,高雄港,34919610,28103373,3929454,2886783
201003,花蓮港,1246207,0,1238811,7396
201003,臺北港,2305439,1346751,811395,147293
201003,蘇澳港,589192,0,320726,268466
201003,安平港,105422,0,1438,103984
201004,國際商港,56005424,39457314,11910803,4637307
201004,基隆港,6561303,5477949,828749,254605
201004,臺中港,8842655,4086432,3907941,848282
201004,高雄港,36297713,28469493,4866612,2961608
201004,花蓮港,1144495,0,1104180,40315
201004,臺北港,2516663,1423440,928351,164872
201004,蘇澳港,561872,0,273502,288370
201004,安平港,80723,0,1468,79255
201005,國際商港,57472067,40450842,12232101,4789124
201005,基隆港,6962928,5746284,947918,268726
201005,臺中港,9182851,4301640,3916132,965079
201005,高雄港,36915411,28984689,4838764,3091958
201005,花蓮港,1278061,0,1240241,37820
201005,臺北港,2512859,1418229,945546,149084
201005,蘇澳港,530079,0,338946,191133
201005,安平港,89878,0,4554,85324
201006,國際商港,55765152,38994390,11845029,4925733
201006,基隆港,6465316,5419647,771328,274341
201006,臺中港,8943677,3946212,4032923,964542
201006,高雄港,36686636,28488024,4959428,3239184
201006,花蓮港,1102179,0,1092786,9393
201006,臺北港,1991625,1140507,747516,103602
201006,蘇澳港,469670,0,239810,229860
201006,安平港,106049,0,1238,104811
201007,國際商港,55213037,38615175,11086513,5511349
201007,基隆港,6683355,5627601,848378,207376
201007,臺中港,8938367,4231764,3535371,1171232
201007,高雄港,35542406,27545526,4343933,3652947
201007,花蓮港,1287808,0,1218197,69611
201007,臺北港,2290285,1210284,899873,180128
201007,蘇澳港,385239,0,239744,145495
201007,安平港,85577,0,1017,84560
201008,國際商港,56399294,38597067,12395945,5406282
201008,基隆港,6486256,5427423,793498,265335
201008,臺中港,10152051,4331232,4698783,1122036
201008,高雄港,35809693,27664560,4671150,3473983
201008,花蓮港,1132888,0,1112368,20520
201008,臺北港,2103959,1173852,768312,161795
201008,蘇澳港,614735,0,350268,264467
201008,安平港,99712,0,1566,98146
201009,國際商港,53642690,37125999,11632783,4883908
201009,基隆港,6473568,5341545,884277,247746
201009,臺中港,8960573,3973392,3991176,996005
201009,高雄港,34382317,26602506,4551346,3228465
201009,花蓮港,1112586,0,1075150,37436
201009,臺北港,2187481,1208556,869518,109407
201009,蘇澳港,448695,0,260181,188514
201009,安平港,77470,0,1135,76335
201010,國際商港,52524250,37083411,10998106,4442733
201010,基隆港,6109446,5043375,803218,262853
201010,臺中港,8977262,4379868,3596384,1001010
201010,高雄港,33617574,26370576,4503485,2743513
201010,花蓮港,1072808,0,1042144,30664
201010,臺北港,2270809,1289592,842826,138391
201010,蘇澳港,390286,0,208878,181408
201010,安平港,86065,0,1171,84894
201011,國際商港,57660615,39735864,12664568,5260183
201011,基隆港,6520590,5467878,827133,225579
201011,臺中港,10046093,4181508,4523544,1341041
201011,高雄港,37025614,28703241,5021498,3300875
201011,花蓮港,1176642,0,1131782,44860
201011,臺北港,2396703,1383237,901956,111510
201011,蘇澳港,392979,0,253271,139708
201011,安平港,101994,0,5384,96610
201012,國際商港,57833368,41230800,11500933,5101635
201012,基隆港,6632844,5476410,912095,244339
201012,臺中港,9376375,4527360,3901580,947435
201012,高雄港,37370622,29741157,4234644,3394821
201012,花蓮港,1270548,0,1244896,25652
201012,臺北港,2612021,1485873,980699,145449
201012,蘇澳港,460697,0,223472,237225
201012,安平港,110261,0,3547,106714
201101,國際商港,55621967,39542607,11566807,4512553
201101,基隆港,6424846,5358222,911167,155457
201101,臺中港,8328046,4223232,3058748,1046066
201101,高雄港,36310662,28522881,5056322,2731459
201101,花蓮港,1318075,0,1275724,42351
201101,臺北港,2639294,1438272,993382,207640
201101,蘇澳港,497666,0,270036,227630
201101,安平港,103378,0,1428,101950
201102,國際商港,47075838,32991309,10057570,4026959
201102,基隆港,4652422,3861009,551387,240026
201102,臺中港,7864880,3513708,3386565,964607
201102,高雄港,31113125,24396642,4282321,2434162
201102,花蓮港,901718,0,884178,17540
201102,臺北港,2028506,1219950,659317,149239
201102,蘇澳港,430605,0,293029,137576
201102,安平港,84582,0,773,83809
201103,國際商港,57815327,40661424,11990384,5163519
201103,基隆港,6699956,5548518,947747,203691
201103,臺中港,9453795,4401720,3920577,1131498
201103,高雄港,37029271,29116269,4667592,3245410
201103,花蓮港,1245522,0,1189615,55907
201103,臺北港,2791050,1594917,1051446,144687
201103,蘇澳港,471822,0,211910,259912
201103,安平港,123911,0,1497,122414
201104,國際商港,58143790,41008887,11930669,5204234
201104,基隆港,6742465,5683941,781602,276922
201104,臺中港,9597174,4385196,3800821,1411157
201104,高雄港,37248917,29358009,4863197,3027711
201104,花蓮港,1340813,0,1284709,56104
201104,臺北港,2647019,1581741,933189,132089
201104,蘇澳港,476242,0,264508,211734
201104,安平港,91160,0,2643,88517
201105,國際商港,61601254,43534773,13108635,4957846
201105,基隆港,6541979,5478885,807434,255660
201105,臺中港,9683983,4060872,4569799,1053312
201105,高雄港,40797136,32452128,5198591,3146417
201105,花蓮港,1162086,0,1147317,14769
201105,臺北港,2855902,1542888,1108774,204240
201105,蘇澳港,463889,0,275174,188715
201105,安平港,96279,0,1546,94733
201106,國際商港,56597579,40539870,11592913,4464796
201106,基隆港,6471932,5515353,726080,230499
201106,臺中港,9080343,4081788,4016810,981745
201106,高雄港,36019030,28614816,4656218,2747996
201106,花蓮港,959538,0,928859,30679
201106,臺北港,3508131,2327913,977548,202670
201106,蘇澳港,473449,0,286105,187344
201106,安平港,85156,0,1293,83863
201107,國際商港,57992226,41247288,11876181,4868757
201107,基隆港,6567754,5564475,722951,280328
201107,臺中港,9431548,4405752,4129201,896595
201107,高雄港,36675060,28892286,4733935,3048839
201107,花蓮港,1025216,0,987279,37937
201107,臺北港,3735738,2384775,989037,361926
201107,蘇澳港,474552,0,312294,162258
201107,安平港,82358,0,1484,80874
201108,國際商港,56027596,40496076,10567606,4963914
201108,基隆港,6394117,5242995,718294,432828
201108,臺中港,7957828,3964248,3063045,930535
201108,高雄港,36236722,28924182,4337740,2974800
201108,花蓮港,1097014,0,1071377,25637
201108,臺北港,3757832,2364651,1128974,264207
201108,蘇澳港,475376,0,246644,228732
201108,安平港,108707,0,1532,107175
201109,國際商港,56812146,39201930,12440530,5169686
201109,基隆港,6249723,5172867,751062,325794
201109,臺中港,8939433,4017744,4042373,879316
201109,高雄港,36289831,27640188,5165426,3484217
201109,花蓮港,1096658,0,1053836,42822
201109,臺北港,3671075,2371131,1103058,196886
201109,蘇澳港,478808,0,322930,155878
201109,安平港,86618,0,1845,84773
201110,國際商港,57396874,41502672,11130460,4763742
201110,基隆港,6243213,5275899,715541,251773
201110,臺中港,8978105,4302144,3570522,1105439
201110,高雄港,37024114,29810250,4456599,2757265
201110,花蓮港,1113196,0,1071169,42027
201110,臺北港,3528312,2114379,1104198,309735
201110,蘇澳港,414074,0,209541,204533
201110,安平港,95860,0,2890,92970
201111,國際商港,56779566,40977738,11130331,4671497
201111,基隆港,6224621,5187906,793929,242786
201111,臺中港,9031703,4041864,3608275,1381564
201111,高雄港,36126410,29288358,4390853,2447199
201111,花蓮港,1111010,0,1082707,28303
201111,臺北港,3804694,2459610,1018482,326602
201111,蘇澳港,415310,0,234629,180681
201111,安平港,65818,0,1456,64362
201112,國際商港,57131330,41510718,10576293,5044319
201112,基隆港,6206235,5087835,781235,337165
201112,臺中港,9362727,4410540,3700233,1251954
201112,高雄港,36771294,29890377,3990246,2890671
201112,花蓮港,915586,0,884534,31052
201112,臺北港,3373033,2121966,961671,289396
201112,蘇澳港,410625,0,255159,155466
201112,安平港,91830,0,3215,88615
201201,國際商港,54209285,39031380,10073744,5104161
201201,基隆港,5154197,4302747,580050,271400
201201,臺中港,8618072,3445272,3825951,1346849
201201,高雄港,35626355,28964511,3658913,3002931
201201,花蓮港,932649,0,909651,22998
201201,臺北港,3390964,2318850,867688,204426
201201,蘇澳港,390487,0,230489,159998
201201,安平港,96561,0,1002,95559
201202,國際商港,52131827,38089404,9317643,4724780
201202,基隆港,4960028,4189266,514709,256053
201202,臺中港,8131928,3972960,2979556,1179412
201202,高雄港,34034893,27361413,3888231,2785249
201202,花蓮港,877102,0,822846,54256
201202,臺北港,3654032,2565765,860245,228022
201202,蘇澳港,398053,0,250910,147143
201202,安平港,75791,0,1146,74645
201203,國際商港,58599271,41666373,11266917,5665981
201203,基隆港,5823538,4732245,739526,351767
201203,臺中港,9862060,4307292,3889451,1665317
201203,高雄港,37385854,29652003,4587925,3145926
201203,花蓮港,1066195,0,984175,82020
201203,臺北港,3918776,2974833,782619,161324
201203,蘇澳港,440786,0,282269,158517
201203,安平港,102062,0,952,101110
201204,國際商港,58398313,41535459,11245577,5617277
201204,基隆港,5852427,4831380,731878,289169
201204,臺中港,9194158,4065336,3779276,1349546
201204,高雄港,37124230,29337543,4409528,3377159
201204,花蓮港,1034721,0,979717,55004
201204,臺北港,4523410,3301200,1047263,174947
201204,蘇澳港,566836,0,295645,271191
201204,安平港,102531,0,2270,100261
201205,國際商港,61304025,44114112,11651381,5538532
201205,基隆港,6091632,5129892,678948,282792
201205,臺中港,9288512,4109508,3683311,1495693
201205,高雄港,39590759,31176774,5167422,3246563
201205,花蓮港,1067331,0,954502,112829
201205,臺北港,4767122,3697938,946168,123016
201205,蘇澳港,407860,0,218732,189128
201205,安平港,90809,0,2298,88511
201206,國際商港,55954500,40705218,10501641,4747641
201206,基隆港,5790712,4821813,789397,179502
201206,臺中港,8903613,4179852,3268632,1455129
201206,高雄港,35463812,28358883,4348715,2756214
201206,花蓮港,903459,0,848470,54989
201206,臺北港,4400365,3344670,941990,113705
201206,蘇澳港,419714,0,301205,118509
201206,安平港,72825,0,3232,69593
201207,國際商港,60973472,43978860,11497121,5497491
201207,基隆港,6300043,5318316,746256,235471
201207,臺中港,9463541,4277160,3856997,1329384
201207,高雄港,38993476,30571137,4989008,3433331
201207,花蓮港,779548,0,755755,23793
201207,臺北港,4936842,3812247,926996,197599
201207,蘇澳港,389607,0,220812,168795
201207,安平港,110415,0,1297,109118
201208,國際商港,56631094,41843358,10253231,4534505
201208,基隆港,5640642,4696902,719921,223819
201208,臺中港,9314023,4189968,3786546,1337509
201208,高雄港,35739918,29229552,3973872,2536494
201208,花蓮港,825962,0,804634,21328
201208,臺北港,4686088,3726936,731168,227984
201208,蘇澳港,355527,0,233241,122286
201208,安平港,68934,0,3849,65085
201209,國際商港,58132172,41824341,11330239,4977592
201209,基隆港,5927205,4864194,791242,271769
201209,臺中港,9400748,4424580,3738882,1237286
201209,高雄港,37038081,29202696,4873843,2961542
201209,花蓮港,874923,0,825382,49541
201209,臺北港,4403038,3332871,893248,176919
201209,蘇澳港,376498,0,206611,169887
201209,安平港,111679,0,1031,110648
201210,國際商港,60159613,44503974,10603138,5052501
201210,基隆港,6213175,5116851,846149,250175
201210,臺中港,9244902,4313664,3641474,1289764
201210,高雄港,38360887,31500117,3890175,2970595
201210,花蓮港,1105685,0,1075718,29967
201210,臺北港,4718944,3573342,935741,209861
201210,蘇澳港,393902,0,213014,180888
201210,安平港,122118,0,867,121251
201211,國際商港,56630841,40574439,10674778,5381624
201211,基隆港,5748574,4845060,711626,191888
201211,臺中港,9622722,4274712,3556776,1791234
201211,高雄港,35395475,28113831,4258844,3022800
201211,花蓮港,895407,0,868954,26453
201211,臺北港,4410619,3340836,980349,89434
201211,蘇澳港,458889,0,297110,161779
201211,安平港,99155,0,1119,98036
201212,國際商港,57677859,41861907,10841778,4974174
201212,基隆港,5900747,5023710,721288,155749
201212,臺中港,10125487,4674276,3675086,1776125
201212,高雄港,35547557,28655496,4239950,2652111
201212,花蓮港,863203,0,828993,34210
201212,臺北港,4717508,3508425,1100104,108979
201212,蘇澳港,403690,0,275395,128295
201212,安平港,119667,0,962,118705
201301,國際商港,60606429,43646580,11445526,5514323
201301,基隆港,5863885,4931964,758615,173306
201301,臺中港,9806594,4487616,3510531,1808447
201301,高雄港,38175583,30503637,4640672,3031274
201301,花蓮港,1144125,0,1124597,19528
201301,臺北港,5083648,3723363,1209334,150951
201301,蘇澳港,390533,0,199047,191486
201301,安平港,142061,0,2730,139331
201302,國際商港,47893956,34010946,9227671,4655339
201302,基隆港,3898076,3231117,494546,172413
201302,臺中港,7990769,3302100,3413728,1274941
201302,高雄港,30889979,24547617,3599451,2742911
201302,花蓮港,674604,0,655094,19510
201302,臺北港,3952879,2930112,794809,227958
201302,蘇澳港,402942,0,269330,133612
201302,安平港,84707,0,713,83994
201303,國際商港,60800525,43950015,11942654,4907856
201303,基隆港,5897647,4886586,767706,243355
201303,臺中港,10549047,4900752,4135528,1512767
201303,高雄港,38128889,30857112,4584172,2687605
201303,花蓮港,1112283,0,1054070,58213
201303,臺北港,4529935,3305565,1103099,121271
201303,蘇澳港,463461,0,296823,166638
201303,安平港,119263,0,1256,118007
201304,國際商港,59739570,42202296,11626925,5910349
201304,基隆港,5527065,4588317,773881,164867
201304,臺中港,10351695,4294512,4156115,1901068
201304,高雄港,37208784,29811555,4190718,3206511
201304,花蓮港,1116847,0,1077760,39087
201304,臺北港,4929037,3507912,1144596,276529
201304,蘇澳港,507478,0,280631,226847
201304,安平港,98664,0,3224,95440
201305,國際商港,61684533,43737444,12767832,5179257
201305,基隆港,5909537,4933872,815141,160524
201305,臺中港,10516051,4669596,4507291,1339164
201305,高雄港,38758734,30880188,4669160,3209386
201305,花蓮港,1197471,0,1148966,48505
201305,臺北港,4766311,3253788,1350832,161691
201305,蘇澳港,452281,0,275633,176648
201305,安平港,84148,0,809,83339
201306,國際商港,57058464,40304754,12008318,4745392
201306,基隆港,5748076,4961394,667293,119389
201306,臺中港,9913382,4341600,4439128,1132654
201306,高雄港,35419455,28200420,4266039,2952996
201306,花蓮港,1109442,0,1071368,38074
201306,臺北港,4340777,2801340,1261817,277620
201306,蘇澳港,420067,0,297279,122788
201306,安平港,107265,0,5394,101871
201307,國際商港,59488400,43262667,11618592,4607141
201307,基隆港,6170994,5165046,728593,277355
201307,臺中港,9256168,4481028,3470843,1304297
201307,高雄港,37775637,30608649,4595376,2571612
201307,花蓮港,1162528,0,1126815,35713
201307,臺北港,4398868,3007944,1221295,169629
201307,蘇澳港,423526,0,252926,170600
201307,安平港,300679,0,222744,77935
201308,國際商港,58647762,42053139,11955973,4638650
201308,基隆港,5999731,5035536,724705,239490
201308,臺中港,10467826,4463460,4627312,1377054
201308,高雄港,36493463,29798289,4125692,2569482
201308,花蓮港,1085090,0,1061351,23739
201308,臺北港,4086665,2755854,1124449,206362
201308,蘇澳港,409616,0,261354,148262
201308,安平港,105371,0,31110,74261
201309,國際商港,58241391,41727069,11495983,5018339
201309,基隆港,5960808,4911804,704287,344717
201309,臺中港,9789365,4269816,4097155,1422394
201309,高雄港,36399089,29903958,3909492,2585639
201309,花蓮港,1086197,0,1050197,36000
201309,臺北港,4482894,2641491,1442499,398904
201309,蘇澳港,429000,0,287140,141860
201309,安平港,94038,0,5213,88825
201310,國際商港,59872089,42994233,11712750,5165106
201310,基隆港,5979527,4967847,783049,228631
201310,臺中港,10176550,4413456,3960564,1802530
201310,高雄港,37652533,30795084,4333843,2523606
201310,花蓮港,1131044,0,1099023,32021
201310,臺北港,4399989,2817846,1288925,293218
201310,蘇澳港,430590,0,240930,189660
201310,安平港,101856,0,6416,95440
201311,國際商港,60006416,42786423,12023257,5196736
201311,基隆港,5970578,5020272,731720,218586
201311,臺中港,11302103,4606992,4787637,1907474
201311,高雄港,36277120,30070908,3701207,2505005
201311,花蓮港,1146540,0,1128334,18206
201311,臺北港,4775113,3088251,1378714,308148
201311,蘇澳港,442457,0,290561,151896
201311,安平港,92505,0,5084,87421
201312,國際商港,61714471,45011682,11387484,5315305
201312,基隆港,6454675,5422212,805368,227095
201312,臺中港,10389257,4602852,3933853,1852552
201312,高雄港,38273659,31780467,3821285,2671907
201312,花蓮港,1089357,0,1065546,23811
201312,臺北港,4965958,3206151,1497350,262457
201312,蘇澳港,438002,0,258263,179739
201312,安平港,103563,0,5819,97744
201401,國際商港,62180982,44598015,12255620,5327347
201401,基隆港,6419377,5376690,828556,214131
201401,臺中港,10376109,4229460,4475392,1671257
201401,高雄港,38542398,31391865,4181045,2969488
201401,花蓮港,1234420,0,1207925,26495
201401,臺北港,5085494,3600000,1323829,161665
201401,蘇澳港,388930,0,233872,155058
201401,安平港,134254,0,5001,129253
201402,國際商港,51960181,36786411,10689720,4484050
201402,基隆港,4380155,3730815,499443,149897
201402,臺中港,9159605,3781548,4092782,1285275
201402,高雄港,33560941,26958204,4072291,2530446
201402,花蓮港,940891,0,911968,28923
201402,臺北港,3448880,2315844,929773,203263
201402,蘇澳港,381364,0,179061,202303
201402,安平港,88345,0,4402,83943
201403,國際商港,61588840,43954083,11869066,5765691
201403,基隆港,5984746,5013738,702724,268284
201403,臺中港,10562738,4620492,4466302,1475944
201403,高雄港,38036708,31098672,3878044,3059992
201403,花蓮港,1240011,0,1192330,47681
201403,臺北港,5266119,3221181,1388506,656432
201403,蘇澳港,398691,0,231854,166837
201403,安平港,99827,0,9306,90521
201404,國際商港,62283743,45023922,11870736,5389085
201404,基隆港,5965480,4864446,791671,309363
201404,臺中港,9990622,4460112,4133574,1396936
201404,高雄港,38379812,31230738,4150321,2998753
201404,花蓮港,1112540,0,1087823,24717
201404,臺北港,6260138,4468626,1385301,406211
201404,蘇澳港,473200,0,309235,163965
201404,安平港,101951,0,12811,89140
201405,國際商港,64449298,46256913,13040311,5152074
201405,基隆港,6471343,5305257,756834,409252
201405,臺中港,10463848,4575204,4668925,1219719
201405,高雄港,38962224,31563585,4638263,2760376
201405,花蓮港,1267113,0,1227834,39279
201405,臺北港,6682062,4812867,1418159,451036
201405,蘇澳港,481359,0,318856,162503
201405,安平港,121349,0,11440,109909
201406,國際商港,63758692,46774116,11908631,5075945
201406,基隆港,6309825,5417001,625916,266908
201406,臺中港,10005103,4800600,4157361,1047142
201406,高雄港,40426438,32906016,4490244,3030178
201406,花蓮港,1119931,0,1072137,47794
201406,臺北港,5421723,3650499,1344225,426999
201406,蘇澳港,390719,0,207539,183180
201406,安平港,84953,0,11209,73744
201407,國際商港,63575972,45902133,13141453,4532386
201407,基隆港,6263106,5398371,650208,214527
201407,臺中港,11046892,4882572,4861877,1302443
201407,高雄港,39312777,31904505,4916314,2491958
201407,花蓮港,1027595,0,981182,46413
201407,臺北港,5442606,3716685,1496455,229466
201407,蘇澳港,390960,0,228483,162477
201407,安平港,92036,0,6934,85102
201408,國際商港,63903774,45962937,12858852,5081985
201408,基隆港,6252013,5238054,725592,288367
201408,臺中港,10672694,5008320,4408804,1255570
201408,高雄港,39649465,31757454,4947303,2944708
201408,花蓮港,1134306,0,1119010,15296
201408,臺北港,5656496,3959109,1386878,310509
201408,蘇澳港,431348,0,259945,171403
201408,安平港,107452,0,11320,96132
201409,國際商港,62293368,45164700,12155918,4972750
201409,基隆港,5982165,5078664,649418,254083
201409,臺中港,10102097,4312980,4571541,1217576
201409,高雄港,38831929,31796415,4282270,2753244
201409,花蓮港,1175362,0,1132154,43208
201409,臺北港,5647818,3976641,1239695,431482
201409,蘇澳港,447270,0,258706,188564
201409,安平港,106727,0,22134,84593
201410,國際商港,64885215,47470662,12444881,4969672
201410,基隆港,6171681,5030685,807266,333730
201410,臺中港,9721520,4448700,3930532,1342288
201410,高雄港,41580093,34067340,4992324,2520429
201410,花蓮港,1091319,0,1036823,54496
201410,臺北港,5774573,3923937,1418294,432342
201410,蘇澳港,438391,0,257492,180899
201410,安平港,107638,0,2150,105488
201411,國際商港,63478025,46374489,12740938,4362598
201411,基隆港,6025213,5133006,776063,116144
201411,臺中港,10525487,4713336,4352370,1459781
201411,高雄港,39750908,32745159,4912147,2093602
201411,花蓮港,1121305,0,1088055,33250
201411,臺北港,5503054,3782988,1357360,362706
201411,蘇澳港,465317,0,242780,222537
201411,安平港,86741,0,12163,74578
201412,國際商港,64256459,47550132,11483340,5222987
201412,基隆港,6013790,5079843,745410,188537
201412,臺中港,9993388,4662000,3650047,1681341
201412,高雄港,40775736,33940116,4424211,2411409
201412,花蓮港,1016555,0,973550,43005
201412,臺北港,5815294,3868173,1331084,616037
201412,蘇澳港,532122,0,335652,196470
201412,安平港,109574,0,23386,86188
201501,國際商港,63320370,44480853,13656403,5183114
201501,基隆港,5815259,5041287,634181,139791
201501,臺中港,11263482,4896792,4870054,1496636
201501,高雄港,38339736,30653523,5046221,2639992
201501,花蓮港,1220199,0,1188515,31684
201501,臺北港,6059415,3889251,1541697,628467
201501,蘇澳港,469227,0,324734,144493
201501,安平港,153052,0,51001,102051
201502,國際商港,51039235,36752346,10076900,4209989
201502,基隆港,4342136,3713058,537882,91196
201502,臺中港,8690317,3715560,3645291,1329466
201502,高雄港,32175123,26209350,3850836,2114937
201502,花蓮港,944883,0,935802,9081
201502,臺北港,4507628,3114378,977146,416104
201502,蘇澳港,294348,0,126953,167395
201502,安平港,84800,0,2990,81810
201503,國際商港,63250142,46194246,12594683,4461213
201503,基隆港,5028177,4210992,647124,170061
201503,臺中港,10563773,4709628,4679709,1174436
201503,高雄港,40095723,33074964,4647702,2373057
201503,花蓮港,1098126,0,1057820,40306
201503,臺北港,5885770,4198662,1271159,415949
201503,蘇澳港,495073,0,290515,204558
201503,安平港,83500,0,654,82846
201504,國際商港,63344133,45134568,13226323,4983242
201504,基隆港,5261105,4308345,648962,303798
201504,臺中港,10873604,4554324,5001023,1318257
201504,高雄港,39209598,31836546,4886830,2486222
201504,花蓮港,1125984,0,1107705,18279
201504,臺北港,6436142,4435353,1345393,655396
201504,蘇澳港,332026,0,212790,119236
201504,安平港,105674,0,23620,82054
201505,國際商港,62368752,45963414,11762618,4642720
201505,基隆港,5726570,4708566,643618,374386
201505,臺中港,10340263,4661388,4437472,1241403
201505,高雄港,38685913,31903038,4260994,2521881
201505,花蓮港,982630,0,944993,37637
201505,臺北港,6128719,4690422,1225832,212465
201505,蘇澳港,383801,0,233635,150166
201505,安平港,120856,0,16074,104782
201506,國際商港,60385792,43059429,12336027,4990336
201506,基隆港,5188091,4249062,672769,266260
201506,臺中港,10428978,4402404,4632042,1394532
201506,高雄港,37369797,30287457,4190085,2892255
201506,花蓮港,1268214,0,1241010,27204
201506,臺北港,5667840,4120506,1342214,205120
201506,蘇澳港,389572,0,248046,141526
201506,安平港,73300,0,9861,63439
201507,國際商港,60743540,43800570,12192626,4750344
201507,基隆港,5529720,4419702,769510,340508
201507,臺中港,10094637,4365864,4454858,1273915
201507,高雄港,38076697,30716964,4628020,2731713
201507,花蓮港,970131,0,921232,48899
201507,臺北港,5579278,4298040,1161121,120117
201507,蘇澳港,404819,0,249672,155147
201507,安平港,88258,0,8213,80045
201508,國際商港,59267631,43298640,11487942,4481049
201508,基隆港,5237699,4288104,605529,344066
201508,臺中港,9422695,4135140,3946031,1341524
201508,高雄港,38001574,31171914,4484859,2344801
201508,花蓮港,936459,0,931803,4656
201508,臺北港,5164698,3703482,1231304,229912
201508,蘇澳港,430116,0,281135,148981
201508,安平港,74390,0,7281,67109
201509,國際商港,58077918,42014214,11339254,4724450
201509,基隆港,4824733,4041054,590166,193513
201509,臺中港,9583991,3818268,4416445,1349278
201509,高雄港,36718596,30245382,3965022,2508192
201509,花蓮港,942803,0,896472,46331
201509,臺北港,5439573,3909510,1213779,316284
201509,蘇澳港,486602,0,257370,229232
201509,安平港,81620,0,0,81620
201510,國際商港,60541247,43454529,12028557,5058161
201510,基隆港,5238157,4393683,669851,174623
201510,臺中港,10853977,4320792,4527519,2005666
201510,高雄港,37648816,31237146,4259771,2151899
201510,花蓮港,963167,0,924497,38670
201510,臺北港,5293737,3502908,1388354,402475
201510,蘇澳港,444578,0,250714,193864
201510,安平港,98815,0,7851,90964
201511,國際商港,58917432,43217118,11150710,4549604
201511,基隆港,4996208,4215384,625775,155049
201511,臺中港,9606866,4241628,3897490,1467748
201511,高雄港,37003302,30705588,4108135,2189579
201511,花蓮港,986201,0,955800,30401
201511,臺北港,5848275,4054518,1280626,513131
201511,蘇澳港,403497,0,276657,126840
201511,安平港,73083,0,6227,66856
201512,國際商港,60129410,44329608,11076603,4723199
201512,基隆港,5291007,4442904,633453,214650
201512,臺中港,10194242,4284252,4132105,1777885
201512,高雄港,37058452,31477257,3637589,1943606
201512,花蓮港,1112059,0,1091870,20189
201512,臺北港,5985838,4125195,1336010,524633
201512,蘇澳港,362011,0,208853,153158
201512,安平港,125801,0,36723,89078
201601,國際商港,58024632,42837372,10382056,4805204
201601,基隆港,4992177,4215168,609252,167757
201601,臺中港,9598621,4427964,3445643,1725014
201601,高雄港,35960738,30180096,3665374,2115268
201601,花蓮港,906758,0,888359,18399
201601,臺北港,5983282,4014144,1431118,538020
201601,蘇澳港,486831,0,322727,164104
201601,安平港,96225,0,19583,76642
201602,國際商港,49302727,35599842,9012144,4690741
201602,基隆港,3466669,3015207,338052,113410
201602,臺中港,8451097,3228264,3613924,1608909
201602,高雄港,31589128,25621011,3503990,2464127
201602,花蓮港,603419,0,568624,34795
201602,臺北港,4755025,3735360,807903,211762
201602,蘇澳港,370388,0,178039,192349
201602,安平港,67001,0,1612,65389
201603,國際商港,62352805,44438886,12391771,5522148
201603,基隆港,4987257,4279554,567120,140583
201603,臺中港,11013930,4582656,4590226,1841048
201603,高雄港,38579829,31229946,4727418,2622465
201603,花蓮港,905943,0,867765,38178
201603,臺北港,6262914,4346730,1416158,500026
201603,蘇澳港,495548,0,214589,280959
201603,安平港,107384,0,8495,98889
201604,國際商港,62890068,45519390,12173891,5196787
201604,基隆港,5035373,4371138,529279,134956
201604,臺中港,11071203,4658796,4564025,1848382
201604,高雄港,38823135,31668282,4574901,2579952
201604,花蓮港,751344,0,700694,50650
201604,臺北港,6586793,4821174,1477470,288149
201604,蘇澳港,515186,0,313370,201816
201604,安平港,107034,0,14152,92882
201605,國際商港,63507688,45153459,12860832,5493397
201605,基隆港,5209744,4391163,564883,253698
201605,臺中港,10957895,4479984,4706078,1771833
201605,高雄港,39860165,32152815,4921820,2785530
201605,花蓮港,857622,0,833982,23640
201605,臺北港,6120428,4129497,1636489,354442
201605,蘇澳港,334583,0,189098,145485
201605,安平港,167251,0,8482,158769
201606,國際商港,61247828,44739621,11570204,4938003
201606,基隆港,5115216,4370814,538072,206330
201606,臺中港,10612103,4417092,4407123,1787888
201606,高雄港,38692431,31788576,4349897,2553958
201606,花蓮港,729204,0,714028,15176
201606,臺北港,5599371,4163139,1334371,101861
201606,蘇澳港,409036,0,223557,185479
201606,安平港,90467,0,3156,87311
201607,國際商港,61576347,44877906,11634674,5063767
201607,基隆港,4967496,4218084,538902,210510
201607,臺中港,10513191,4655664,4134812,1722715
201607,高雄港,38848093,31715694,4469155,2663244
201607,花蓮港,909293,0,870662,38631
201607,臺北港,5919313,4288464,1424548,206301
201607,蘇澳港,324901,0,187894,137007
201607,安平港,94060,0,8701,85359
201608,國際商港,62570998,45141894,11793732,5635372
201608,基隆港,5064715,4284216,525822,254677
201608,臺中港,11129300,4588344,4572381,1968575
201608,高雄港,38666623,31884282,4152732,2629609
201608,花蓮港,946142,0,920972,25170
201608,臺北港,6193348,4385052,1376526,431770
201608,蘇澳港,477062,0,236094,240968
201608,安平港,93808,0,9205,84603
201609,國際商港,57045234,41249358,10572282,5223594
201609,基隆港,4269178,3576996,489684,202498
201609,臺中港,10039794,4099788,4018360,1921646
201609,高雄港,35046194,28765035,3899045,2382114
201609,花蓮港,789367,0,754320,35047
201609,臺北港,6462356,4807539,1191701,463116
201609,蘇澳港,341757,0,210671,131086
201609,安平港,96588,0,8501,88087
201610,國際商港,65879706,47201211,12500050,6178445
201610,基隆港,4830299,4097934,529553,202812
201610,臺中港,12182567,5040036,4800530,2342001
201610,高雄港,40445191,33313716,4713620,2417855
201610,花蓮港,831104,0,797949,33155
201610,臺北港,7185707,4749525,1448930,987252
201610,蘇澳港,327352,0,209468,117884
201610,安平港,77486,0,0,77486
201611,國際商港,63274583,46458684,11203213,5612686
201611,基隆港,5099901,4396392,615334,88175
201611,臺中港,10788474,4796424,3867001,2125049
201611,高雄港,39047633,32894388,4255762,1897483
201611,花蓮港,872932,0,854087,18845
201611,臺北港,6880900,4371480,1331066,1178354
201611,蘇澳港,474441,0,272389,202052
201611,安平港,110302,0,7574,102728
201612,國際商港,65888014,48069513,11438651,6379850
201612,基隆港,5583959,4737321,517150,329488
201612,臺中港,10881808,5074632,3764107,2043069
201612,高雄港,40817432,33571719,4555854,2689859
201612,花蓮港,720500,0,704345,16155
201612,臺北港,7207206,4685841,1455589,1065776
201612,蘇澳港,358178,0,221414,136764
201612,安平港,318931,0,220192,98739
201701,國際商港,62725526,45371763,11437162,5916601
201701,基隆港,4863168,4001346,531285,330537
201701,臺中港,10718922,4804272,4051250,1863400
201701,高雄港,39004354,31792536,4198156,3013662
201701,花蓮港,774273,0,721814,52459
201701,臺北港,6597132,4773609,1401472,422051
201701,蘇澳港,385691,0,262818,122873
201701,安平港,381986,0,270367,111619
201702,國際商港,55244686,40422159,10270843,4551684
201702,基隆港,4063844,3439476,380039,244329
201702,臺中港,9370134,4160340,3883599,1326195
201702,高雄港,34849953,28408149,4024968,2416836
201702,花蓮港,753495,0,722675,30820
201702,臺北港,5701260,4414194,1055106,231960
201702,蘇澳港,357620,0,148072,209548
201702,安平港,148380,0,56384,91996
201703,國際商港,64986116,47610756,11725437,5649923
201703,基隆港,5155135,4364649,550518,239968
201703,臺中港,11353198,4979232,4276525,2097441
201703,高雄港,41085094,33487650,4837317,2760127
201703,花蓮港,719578,0,678921,40657
201703,臺北港,6092957,4779225,1148261,165471
201703,蘇澳港,457139,0,233895,223244
201703,安平港,123015,0,0,123015
201704,國際商港,59857964,43688880,11201211,4967873
201704,基隆港,5073737,4247262,526329,300146
201704,臺中港,10727915,4810932,4387749,1529234
201704,高雄港,36918728,30184794,4268300,2465634
201704,花蓮港,908917,0,877129,31788
201704,臺北港,5793781,4445892,1005803,342086
201704,蘇澳港,302868,0,118749,184119
201704,安平港,132018,0,17152,114866
201705,國際商港,62280762,45543249,11531127,5206386
201705,基隆港,5216795,4454055,494714,268026
201705,臺中港,11053469,4952304,4506491,1594674
201705,高雄港,38660847,31400451,4406120,2854276
201705,花蓮港,673206,0,641745,31461
201705,臺北港,6089473,4736439,1139222,213812
201705,蘇澳港,469810,0,321249,148561
201705,安平港,117162,0,21586,95576
201706,國際商港,61097818,43676154,11657679,5763985
201706,基隆港,5142743,4379886,394308,368549
201706,臺中港,11164730,4711788,4825014,1627928
201706,高雄港,37761129,30069531,4494054,3197544
201706,花蓮港,672690,0,645404,27286
201706,臺北港,5893086,4514949,1061619,316518
201706,蘇澳港,367500,0,227229,140271
201706,安平港,95940,0,10051,85889
201707,國際商港,58210214,42114420,10824235,5271559
201707,基隆港,4985849,4247685,473224,264940
201707,臺中港,10752758,4776300,4121625,1854833
201707,高雄港,35522871,28668339,4208664,2645868
201707,花蓮港,867685,0,818140,49545
201707,臺北港,5705672,4422096,1100526,183050
201707,蘇澳港,294120,0,97000,197120
201707,安平港,81259,0,5056,76203
201708,國際商港,61436132,44800371,11390800,5244961
201708,基隆港,5046722,4340313,504166,202243
201708,臺中港,11212038,5085936,4450093,1676009
201708,高雄港,38552328,31038885,4497635,3015808
201708,花蓮港,657371,0,612737,44634
201708,臺北港,5521151,4335237,1109647,76267
201708,蘇澳港,335727,0,205756,129971
201708,安平港,110795,0,10766,100029
201709,國際商港,58835224,43531569,11108487,4195168
201709,基隆港,4937883,4300011,383324,254548
201709,臺中港,10325143,4674708,4126145,1524290
201709,高雄港,36257089,29785239,4414876,2056974
201709,花蓮港,718917,0,689612,29305
201709,臺北港,6069798,4771611,1204385,93802
201709,蘇澳港,417206,0,281444,135762
201709,安平港,109188,0,8701,100487
201710,國際商港,58360054,42845058,10804152,4710844
201710,基隆港,4915196,4125150,424862,365184
201710,臺中港,10848059,4933044,4443740,1471275
201710,高雄港,35873318,29673792,3783882,2415644
201710,花蓮港,787901,0,756249,31652
201710,臺北港,5452799,4113072,1167098,172629
201710,蘇澳港,383733,0,216820,166913
201710,安平港,99048,0,11501,87547
201711,國際商港,59992079,45459630,10094980,4437469
201711,基隆港,5491830,4588785,515531,387514
201711,臺中港,10512826,5040576,3876370,1595880
201711,高雄港,36561542,30803445,3738659,2019438
201711,花蓮港,652472,0,626922,25550
201711,臺北港,6382691,5026824,1150520,205347
201711,蘇澳港,276147,0,175098,101049
201711,安平港,114571,0,11880,102691
201712,國際商港,62477584,47472453,10210983,4794148
201712,基隆港,5298641,4567437,427949,303255
201712,臺中港,10636191,5512428,3805783,1317980
201712,高雄港,38995647,32248269,4065183,2682195
201712,花蓮港,646771,0,604654,42117
201712,臺北港,6508010,5144319,1122610,241081
201712,蘇澳港,259329,0,148604,110725
201712,安平港,132995,0,36200,96795
201801,國際商港,62929390,47258622,11092163,4578605
201801,基隆港,5258219,4595931,454007,208281
201801,臺中港,11007890,5057334,4532838,1417718
201801,高雄港,38670643,32203953,4069142,2397548
201801,花蓮港,717221,0,680530,36691
201801,臺北港,6793245,5401404,1183666,208175
201801,蘇澳港,387538,0,171980,215558
201801,安平港,94634,0,0,94634
201802,國際商港,52289027,38698011,8842442,4748574
201802,基隆港,4073565,3571110,271097,231358
201802,臺中港,8093453,3860289,3106562,1126602
201802,高雄港,33675154,26886312,3883858,2904984
201802,花蓮港,578622,0,551284,27338
201802,臺北港,5500206,4380300,894585,225321
201802,蘇澳港,286300,0,135007,151293
201802,安平港,81727,0,49,81678
201803,國際商港,63284598,47208537,10836278,5239783
201803,基隆港,5125399,4311900,476505,336994
201803,臺中港,10688248,5255919,3969575,1462754
201803,高雄港,39621395,32567562,4401182,2652651
201803,花蓮港,628831,0,595477,33354
201803,臺北港,6589802,5073156,1138092,378554
201803,蘇澳港,499035,0,255447,243588
201803,安平港,131888,0,0,131888
201804,國際商港,60076970,44445618,10921323,4710029
201804,基隆港,4943823,4206726,410634,326463
201804,臺中港,10640248,5079735,4001411,1559102
201804,高雄港,37108043,30441582,4433788,2232673
201804,花蓮港,717266,0,669439,47827
201804,臺北港,6080072,4717575,1132705,229792
201804,蘇澳港,451747,0,246915,204832
201804,安平港,135771,0,26431,109340
201805,國際商港,65460440,47856825,11997034,5606581
201805,基隆港,5642539,4786173,411707,444659
201805,臺中港,11911279,5594220,4761884,1555175
201805,高雄港,39640058,32319666,4444420,2875972
201805,花蓮港,886233,0,850076,36157
201805,臺北港,6789564,5156766,1276722,356076
201805,蘇澳港,502884,0,250029,252855
201805,安平港,87883,0,2196,85687
201806,國際商港,62509976,45533250,11613730,5362996
201806,基隆港,5508725,4587408,468254,453063
201806,臺中港,11225979,5221143,4452805,1552031
201806,高雄港,38183478,30929670,4453021,2800787
201806,花蓮港,786228,0,735540,50688
201806,臺北港,6209011,4795029,1175014,238968
201806,蘇澳港,437512,0,289558,147954
201806,安平港,159043,0,39538,119505
201807,國際商港,63505946,46348416,11771426,5386104
201807,基隆港,5385094,4498533,405131,481430
201807,臺中港,11450331,5287923,4386320,1776088
201807,高雄港,39152960,31683762,4930377,2538821
201807,花蓮港,772932,0,753472,19460
201807,臺北港,6158565,4878198,993892,286475
201807,蘇澳港,489140,0,299232,189908
201807,安平港,96924,0,3002,93922
201808,國際商港,61654134,45513171,10915085,5225878
201808,基隆港,5126637,4344750,506246,275641
201808,臺中港,11152685,4986981,4426157,1739547
201808,高雄港,38076839,31438926,4083165,2554748
201808,花蓮港,646831,0,612586,34245
201808,臺北港,6196744,4742514,1162828,291402
201808,蘇澳港,344382,0,124060,220322
201808,安平港,110016,0,43,109973
201809,國際商港,60644412,44055216,11473031,5116165
201809,基隆港,4987861,4369725,325632,292504
201809,臺中港,10976471,5199570,4186378,1590523
201809,高雄港,37223984,29658474,5005406,2560104
201809,花蓮港,741412,0,699422,41990
201809,臺北港,6112799,4827231,949199,336369
201809,蘇澳港,466431,216,285652,180563
201809,安平港,135454,0,21342,114112
201810,國際商港,62519968,46041282,11169244,5309442
201810,基隆港,5132397,4429782,378227,324388
201810,臺中港,11102266,5174622,4237333,1690311
201810,高雄港,38459300,31165875,4677151,2616274
201810,花蓮港,845579,0,817475,28104
201810,臺北港,6572615,5271003,925042,376570
201810,蘇澳港,273399,0,133636,139763
201810,安平港,134412,0,380,134032
201811,國際商港,63805412,47743353,11403060,4658999
201811,基隆港,5339134,4617648,445230,276256
201811,臺中港,10572184,5323626,3895547,1353011
201811,高雄港,40263612,32851692,5026385,2385535
201811,花蓮港,872337,0,832874,39463
201811,臺北港,6258995,4950387,1004909,303699
201811,蘇澳港,353232,0,171257,181975
201811,安平港,145918,0,26858,119060
201812,國際商港,62171839,46461429,10881289,4829121
201812,基隆港,5371275,4664844,401605,304826
201812,臺中港,10535628,5467095,3660020,1408513
201812,高雄港,38849991,31381209,4886910,2581872
201812,花蓮港,840318,0,797434,42884
201812,臺北港,6162859,4948281,953868,260710
201812,蘇澳港,280920,0,181452,99468
201812,安平港,130848,0,0,130848
201901,國際商港,64119321,47438676,11661955,5018690
201901,基隆港,5389253,4747671,391592,249990
201901,臺中港,10902332,5196546,4006087,1699699
201901,高雄港,40034959,32412159,5137986,2484814
201901,花蓮港,873605,0,867462,6143
201901,臺北港,6369239,5082300,1022683,264256
201901,蘇澳港,433608,0,236096,197512
201901,安平港,116325,0,49,116276
201902,國際商港,50108463,37826010,8095608,4186845
201902,基隆港,3273488,2841462,220352,211674
201902,臺中港,8377568,3978954,3184826,1213788
201902,高雄港,32247452,26544438,3400482,2302532
201902,花蓮港,556972,0,529449,27523
201902,臺北港,5278983,4461156,613859,203968
201902,蘇澳港,274510,0,145940,128570
201902,安平港,99490,0,700,98790
201903,國際商港,64407097,47686734,11443753,5276610
201903,基隆港,4923961,4279914,405849,238198
201903,臺中港,10965503,5413545,4231208,1320750
201903,高雄港,40595585,32571738,4931163,3092684
201903,花蓮港,721079,0,678690,42389
201903,臺北港,6655964,5421537,992297,242130
201903,蘇澳港,409333,0,196684,212649
201903,安平港,135672,0,7862,127810
201904,國際商港,61096117,45460368,10844495,4791254
201904,基隆港,4860018,4144923,429495,285600
201904,臺中港,10335330,5145507,3926028,1263795
201904,高雄港,38666620,31415004,4573652,2677964
201904,花蓮港,803378,0,713313,90065
201904,臺北港,5996247,4754934,1015913,225400
201904,蘇澳港,293763,0,171230,122533
201904,安平港,140761,0,14864,125897
201905,國際商港,63532447,47177883,11199912,5154652
201905,基隆港,5204472,4500234,343393,360845
201905,臺中港,11075640,5698719,4158061,1218860
201905,高雄港,39524383,31938363,4596237,2989783
201905,花蓮港,873404,0,820048,53356
201905,臺北港,6360099,5040351,1055147,264601
201905,蘇澳港,347171,216,186188,160767
201905,安平港,147278,0,40838,106440
201906,國際商港,60856773,45140850,10958691,4757232
201906,基隆港,5187744,4501755,391418,294571
201906,臺中港,10913467,5340456,4251296,1321715
201906,高雄港,37720966,30791520,4288588,2640858
201906,花蓮港,911524,0,870744,40780
201906,臺北港,5673101,4507119,951603,214379
201906,蘇澳港,353662,0,204210,149452
201906,安平港,96309,0,832,95477
201907,國際商港,62325583,46597644,10722794,5005145
201907,基隆港,5479167,4786596,413181,279390
201907,臺中港,10585965,5395032,3991150,1199783
201907,高雄港,38923118,31617513,4306427,2999178
201907,花蓮港,816686,0,787334,29352
201907,臺北港,5959764,4798503,937841,223420
201907,蘇澳港,462933,0,277402,185531
201907,安平港,97950,0,9459,88491
201908,國際商港,60524399,45032913,10865379,4626107
201908,基隆港,4803826,4258008,359210,186608
201908,臺中港,10769306,5385114,4090127,1294065
201908,高雄港,37800991,30733596,4458207,2609188
201908,花蓮港,699351,0,680720,18631
201908,臺北港,5940488,4656195,1041589,242704
201908,蘇澳港,375379,0,198094,177285
201908,安平港,135058,0,37432,97626
201909,國際商港,59855753,44211393,11572058,4072302
201909,基隆港,4843979,4231296,371008,241675
201909,臺中港,10935087,5248872,4269294,1416921
201909,高雄港,37294979,30294027,5090401,1910551
201909,花蓮港,702381,0,688496,13885
201909,臺北港,5572102,4437198,944323,190581
201909,蘇澳港,389679,0,196836,192843
201909,安平港,117546,0,11700,105846
201910,國際商港,61604568,46162278,10912319,4529971
201910,基隆港,5161277,4607199,366910,187168
201910,臺中港,10877620,5272866,4110742,1494012
201910,高雄港,37775224,31121982,4397516,2255726
201910,花蓮港,824854,0,797410,27444
201910,臺北港,6491844,5160231,1077478,254135
201910,蘇澳港,332363,0,143912,188451
201910,安平港,141386,0,18351,123035
201911,國際商港,59401121,45285255,10059125,4056741
201911,基隆港,5424922,4574430,717766,132726
201911,臺中港,9916130,5493987,3112342,1309801
201911,高雄港,36997643,30600153,4385026,2012464
201911,花蓮港,679894,0,624009,55885
201911,臺北港,5874126,4616685,1015901,241540
201911,蘇澳港,350590,0,164217,186373
201911,安平港,157816,0,39864,117952
201912,國際商港,62726038,48028158,9532463,5165417
201912,基隆港,5498088,4913928,357597,226563
201912,臺中港,10273498,5735736,2887278,1650484
201912,高雄港,39585384,32585508,4205595,2794281
201912,花蓮港,891068,0,849854,41214
201912,臺北港,5983011,4792986,987035,202990
201912,蘇澳港,356870,0,230762,126108
201912,安平港,138119,0,14342,123777
202001,國際商港,58364051,44159850,9841108,4363093
202001,基隆港,4785834,4056849,539173,189812
202001,臺中港,9809390,5021082,3542568,1245740
202001,高雄港,36958761,30452922,4164226,2341613
202001,花蓮港,605276,0,558202,47074
202001,臺北港,5679621,4628817,856000,194804
202001,蘇澳港,392345,180,172185,219980
202001,安平港,132824,0,8754,124070
202002,國際商港,54659116,40697820,9440459,4520837
202002,基隆港,3636660,3090096,312028,234536
202002,臺中港,8948459,4751703,2923286,1273470
202002,高雄港,35047168,28453581,4063694,2529893
202002,花蓮港,790451,0,767255,23196
202002,臺北港,5536380,4402440,907743,226197
202002,蘇澳港,433652,0,298773,134879
202002,安平港,266346,0,167680,98666
202003,國際商港,62199399,46560168,10712423,4926808
202003,基隆港,5041878,4354551,413882,273445
202003,臺中港,10607350,5729400,3517976,1359974
202003,高雄港,38428200,31317597,4397533,2713070
202003,花蓮港,924429,0,865219,59210
202003,臺北港,6566351,5158620,1203348,204383
202003,蘇澳港,380807,0,182050,198757
202003,安平港,250384,0,132415,117969
202004,國際商港,57319402,41834250,10650211,4834941
202004,基隆港,5601546,4876551,394231,330764
202004,臺中港,10743518,5229981,3941962,1571575
202004,高雄港,34043320,27277398,4325963,2439959
202004,花蓮港,807365,0,752824,54541
202004,臺北港,5677554,4450320,1021544,205690
202004,蘇澳港,321278,0,168813,152465
202004,安平港,124821,0,44874,79947
202005,國際商港,59111065,43213698,11055508,4841859
202005,基隆港,5354482,4685949,394365,274168
202005,臺中港,11233554,5147514,4477193,1608847
202005,高雄港,35595232,29133378,4015310,2446544
202005,花蓮港,775709,0,716204,59505
202005,臺北港,5634698,4246857,1175460,212381
202005,蘇澳港,365085,0,240238,124847
202005,安平港,152305,0,36738,115567
202006,國際商港,56166314,41204241,10580568,4381505
202006,基隆港,5455103,4732839,388435,333829
202006,臺中港,10402374,4996044,3832489,1573841
202006,高雄港,32616782,26549541,4172638,1894603
202006,花蓮港,924342,0,881800,42542
202006,臺北港,6191834,4925817,1047873,218144
202006,蘇澳港,407903,0,206672,201231
202006,安平港,167976,0,50661,117315
202007,國際商港,59107850,43281018,10642255,5184577
202007,基隆港,5781722,4982589,378148,420985
202007,臺中港,10926346,5389857,4013316,1523173
202007,高雄港,34754331,28032048,4162345,2559938
202007,花蓮港,818911,0,781711,37200
202007,臺北港,6313170,4876524,1105997,330649
202007,蘇澳港,375050,0,173339,201711
202007,安平港,138320,0,27399,110921
202008,國際商港,58933334,43976520,10786049,4170765
202008,基隆港,5741550,4977765,414714,349071
202008,臺中港,11270617,5547123,4292480,1431014
202008,高雄港,34704156,28766655,4104643,1832858
202008,花蓮港,621394,0,604601,16793
202008,臺北港,5958020,4684977,1047825,225218
202008,蘇澳港,510184,0,293769,216415
202008,安平港,127413,0,28017,99396
202009,國際商港,58343573,42311466,11105813,4926294
202009,基隆港,5662011,5025123,371371,265517
202009,臺中港,11252106,5325129,4425118,1501859
202009,高雄港,34306130,27367398,4263096,2675636
202009,花蓮港,867303,0,839595,27708
202009,臺北港,5859332,4593816,1055071,210445
202009,蘇澳港,265150,0,106728,158422
202009,安平港,131541,0,44834,86707
202010,國際商港,59000656,43684110,10403895,4912651
202010,基隆港,5166835,4476600,387022,303213
202010,臺中港,11187612,5766768,3800476,1620368
202010,高雄港,35120317,28346580,4326074,2447663
202010,花蓮港,786797,0,706185,80612
202010,臺北港,6330746,5094162,1025109,211475
202010,蘇澳港,286876,0,125799,161077
202010,安平港,121473,0,33230,88243
202011,國際商港,58446429,43859709,9969607,4617113
202011,基隆港,5650104,5025123,342065,282916
202011,臺中港,11173835,5732361,3797651,1643823
202011,高雄港,34095251,28015614,3819667,2259970
202011,花蓮港,770897,0,719563,51334
202011,臺北港,6313235,5086611,1082475,144149
202011,蘇澳港,279416,0,171612,107804
202011,安平港,163691,0,36574,127117
202012,國際商港,61340478,46452186,10231058,4657234
202012,基隆港,5536188,4893570,360857,281761
202012,臺中港,10953632,5786487,3640800,1526345
202012,高雄港,36477172,30130353,4032211,2314608
202012,花蓮港,922086,0,864606,57480
202012,臺北港,6997292,5641776,1149204,206312
202012,蘇澳港,272625,0,140757,131868
202012,安平港,181483,0,42623,138860
202101,國際商港,63373048,46783917,11238890,5350241
202101,基隆港,5612225,4924206,393775,294244
202101,臺中港,11290736,6111072,3637309,1542355
202101,高雄港,37477073,29779515,4815149,2882409
202101,花蓮港,883529,0,841641,41888
202101,臺北港,7539774,5969124,1309619,261031
202101,蘇澳港,398102,0,204582,193520
202101,安平港,171609,0,36815,134794
202102,國際商港,53556039,40030371,9541560,3984108
202102,基隆港,4179095,3650679,238859,289557
202102,臺中港,8781332,4829445,2707335,1244552
202102,高雄港,32967914,26428599,4609948,1929367
202102,花蓮港,712720,0,696305,16415
202102,臺北港,6374549,5121648,1030631,222270
202102,蘇澳港,374969,0,202483,172486
202102,安平港,165460,0,55999,109461
202103,國際商港,64650822,48028419,11263789,5358614
202103,基隆港,5558609,4841496,416715,300398
202103,臺中港,11771614,6021189,4215630,1534795
202103,高雄港,38549312,30925890,4781521,2841901
202103,花蓮港,705001,0,671726,33275
202103,臺北港,7495146,6239844,1001713,253589
202103,蘇澳港,348662,0,106920,241742
202103,安平港,222478,0,69564,152914
202104,國際商港,62947120,46627956,11608575,4710589
202104,基隆港,5475186,4879314,332554,263318
202104,臺中港,11406511,5911902,4033603,1461006
202104,高雄港,36495083,29365317,4707676,2422090
202104,花蓮港,857770,0,852855,4915
202104,臺北港,8031374,6471423,1273314,286637
202104,蘇澳港,416650,0,275673,140977
202104,安平港,264546,0,132900,131646
202105,國際商港,65270760,47946717,11904242,5419801
202105,基隆港,5689277,5079465,328714,281098
202105,臺中港,11939986,6097410,4191414,1651162
202105,高雄港,38212533,30359700,4932137,2920696
202105,花蓮港,868264,0,823229,45035
202105,臺北港,8043964,6410142,1389957,243865
202105,蘇澳港,254583,0,107905,146678
202105,安平港,262153,0,130886,131267
202106,國際商港,63052733,46473444,12171133,4408156
202106,基隆港,5207779,4572000,349770,286009
202106,臺中港,11517091,5753475,4537366,1226250
202106,高雄港,37180135,29951253,4841471,2387411
202106,花蓮港,779243,0,743517,35726
202106,臺北港,7862266,6196716,1459452,206098
202106,蘇澳港,333626,0,177881,155745
202106,安平港,172593,0,61676,110917
202107,國際商港,64001121,46590858,12762418,4647845
202107,基隆港,5305532,4625910,384353,295269
202107,臺中港,11958309,5977080,4597051,1384178
202107,高雄港,37637258,29856393,5318679,2462186
202107,花蓮港,719685,0,701426,18259
202107,臺北港,7859273,6131475,1503659,224139
202107,蘇澳港,371381,0,212870,158511
202107,安平港,149683,0,44380,105303
202108,國際商港,63678867,46653453,12127870,4897544
202108,基隆港,5730110,5086062,368629,275419
202108,臺中港,12298725,6170454,4660445,1467826
202108,高雄港,37107122,29758545,4715723,2632854
202108,花蓮港,776624,0,740188,36436
202108,臺北港,7238291,5637096,1364369,236826
202108,蘇澳港,416971,0,250884,166087
202108,安平港,111024,1296,27632,82096
202109,國際商港,62716115,45348408,12740652,4627055
202109,基隆港,5472289,4775481,330025,366783
202109,臺中港,11822315,5516397,4619466,1686452
202109,高雄港,36228564,28876806,5263519,2088239
202109,花蓮港,846752,0,835215,11537
202109,臺北港,7841190,6178428,1467731,195031
202109,蘇澳港,383641,0,205199,178442
202109,安平港,121364,1296,19497,100571
202110,國際商港,62030308,45311049,12555595,4163664
202110,基隆港,5031549,4527558,330265,173726
202110,臺中港,12360423,6075279,4739699,1545445
202110,高雄港,36123006,28952262,5175056,1995688
202110,花蓮港,668571,0,639797,28774
202110,臺北港,7320238,5755662,1364310,200266
202110,蘇澳港,361610,0,264666,96944
202110,安平港,164911,288,41802,122821
202111,國際商港,63192377,46338282,12426714,4427381
202111,基隆港,5934465,5190201,362367,381897
202111,臺中港,11966785,5671629,4687525,1607631
202111,高雄港,36687543,29510235,5209771,1967537
202111,花蓮港,813126,0,786967,26159
202111,臺北港,7205059,5963913,1047670,193476
202111,蘇澳港,406252,0,281634,124618
202111,安平港,179147,2304,50780,126063
202112,國際商港,61838353,46242882,10646053,4949418
202112,基隆港,6268655,5494959,376171,397525
202112,臺中港,12153871,6101154,4371737,1680980
202112,高雄港,35201494,28826919,4026184,2348391
202112,花蓮港,851488,0,808367,43121
202112,臺北港,6854274,5811930,853379,188965
202112,蘇澳港,316522,0,164700,151822
202112,安平港,192049,7920,45515,138614
202201,國際商港,61405995,45546192,11185757,4674046
202201,基隆港,5760415,5102955,331453,326007
202201,臺中港,10910311,5556681,4005190,1348440
202201,高雄港,37028515,29601270,4877064,2550181
202201,花蓮港,733101,0,708365,24736
202201,臺北港,6512563,5285286,1043856,183421
202201,蘇澳港,319173,0,200151,119022
202201,安平港,141917,0,19678,122239
202202,國際商港,53130347,39008196,9255672,4866479
202202,基隆港,4277888,3804354,221087,252447
202202,臺中港,9788840,4822947,3628229,1337664
202202,高雄港,32141689,25667757,3772709,2701223
202202,花蓮港,759146,0,699124,60022
202202,臺北港,5753056,4707810,826132,219114
202202,蘇澳港,322905,0,93960,228945
202202,安平港,86823,5328,14431,67064
202203,國際商港,63584054,47418507,11879265,4286282
202203,基隆港,5786866,5035293,357597,393976
202203,臺中港,12185316,6075441,4854604,1255271
202203,高雄港,37454415,30825009,4555456,2073950
202203,花蓮港,758708,0,715025,43683
202203,臺北港,6879796,5473872,1142457,263467
202203,蘇澳港,314230,0,185514,128716
202203,安平港,204723,8892,68612,127219
202204,國際商港,62966803,45100278,12643794,5222731
202204,基隆港,5406555,4805487,345300,255768
202204,臺中港,12219972,5545458,5339533,1334981
202204,高雄港,36919581,28918548,4969341,3031692
202204,花蓮港,633319,0,607911,25408
202204,臺北港,7242778,5827689,1126430,288659
202204,蘇澳港,359853,0,209136,150717
202204,安平港,184745,3096,46143,135506
202205,國際商港,62573337,45029493,12755618,4788226
202205,基隆港,5644301,5036697,340401,267203
202205,臺中港,12602589,5749191,5528950,1324448
202205,高雄港,36004568,28492326,4826204,2686038
202205,花蓮港,803033,0,768673,34360
202205,臺北港,7002060,5745627,1005177,251256
202205,蘇澳港,351478,0,227257,124221
202205,安平港,165308,5652,58956,100700
202206,國際商港,65495657,47289753,13872231,4333673
202206,基隆港,5910570,5305842,285976,318752
202206,臺中港,12858765,5516802,6204458,1137505
202206,高雄港,38413849,31186233,4807786,2419830
202206,花蓮港,789195,0,751098,38097
202206,臺北港,7053964,5277528,1570688,205748
202206,蘇澳港,307690,0,170239,137451
202206,安平港,161624,3348,81986,76290
202207,國際商港,66712407,46774260,15045418,4892729
202207,基隆港,6160382,5490261,337592,332529
202207,臺中港,13967082,5463927,7185388,1317767
202207,高雄港,37789324,30190149,4841598,2757577
202207,花蓮港,732709,0,710354,22355
202207,臺北港,7466847,5624451,1635521,206875
202207,蘇澳港,396373,0,244656,151717
202207,安平港,199690,5472,90309,103909
202208,國際商港,62098131,44376345,12548649,5173137
202208,基隆港,5719521,5051160,277411,390950
202208,臺中港,12672550,5288499,6041438,1342613
202208,高雄港,35380784,28622979,3885028,2872777
202208,花蓮港,732195,0,716218,15977
202208,臺北港,7010829,5403699,1329828,277302
202208,蘇澳港,369859,0,184248,185611
202208,安平港,212393,10008,114478,87907
202209,國際商港,53338424,39740130,9517669,4080625
202209,基隆港,4955765,4407381,288546,259838
202209,臺中港,9489373,4648905,3523888,1316580
202209,高雄港,31725143,25876440,3741915,2106788
202209,花蓮港,819130,0,779721,39409
202209,臺北港,5848011,4798620,912302,137089
202209,蘇澳港,343033,0,198367,144666
202209,安平港,157969,8784,72930,76255
202210,國際商港,53917887,40472676,9231639,4213572
202210,基隆港,4986697,4530114,235904,220679
202210,臺中港,8932897,4578876,3105027,1248994
202210,高雄港,32376731,26251065,3905073,2220593
202210,花蓮港,758774,0,725068,33706
202210,臺北港,6349645,5109309,990660,249676
202210,蘇澳港,341647,0,188313,153334
202210,安平港,171496,3312,81594,86590
202211,國際商港,57011361,42550929,10175231,4285201
202211,基隆港,5525766,4896369,293661,335736
202211,臺中港,10153614,5305365,3543513,1304736
202211,高雄港,32825032,26728551,3881490,2214991
202211,花蓮港,809489,0,802478,7011
202211,臺北港,7110174,5612400,1304515,193259
202211,蘇澳港,413091,0,276433,136658
202211,安平港,174195,8244,73141,92810
202212,國際商港,56764818,42243813,10497146,4023859
202212,基隆港,5529833,4945968,285807,298058
202212,臺中港,9805233,5029524,3587476,1188233
202212,高雄港,33127514,26993781,4030215,2103518
202212,花蓮港,718159,0,674079,44080
202212,臺北港,6514927,5260968,1032561,221398
202212,蘇澳港,235522,0,174397,61125
202212,安平港,833630,13572,712611,107447
202301,國際商港,51040685,37746297,9070099,4224289
202301,基隆港,4272072,3857256,183706,231110
202301,臺中港,8814476,4078746,3404538,1331192
202301,高雄港,30389301,24742332,3427894,2219075
202301,花蓮港,760157,0,739963,20194
202301,臺北港,6430807,5058099,1172220,200488
202301,蘇澳港,260692,0,114225,146467
202301,安平港,113180,9864,27553,75763
202302,國際商港,49538993,36754254,8718885,4065854
202302,基隆港,4467867,3944412,271900,251555
202302,臺中港,8366939,4553694,2706907,1106338
202302,高雄港,29020857,23184432,3583430,2252995
202302,花蓮港,679016,0,658995,20021
202302,臺北港,6502383,5067396,1203766,231221
202302,蘇澳港,381121,0,261624,119497
202302,安平港,120810,4320,32263,84227
202303,國際商港,58784445,42882039,11095450,4806956
202303,基隆港,5485312,4888944,297468,298900
202303,臺中港,9959081,4973580,3637116,1348385
202303,高雄港,34695460,27531522,4577244,2586694
202303,花蓮港,681622,0,623017,58605
202303,臺北港,7505135,5476473,1785264,243398
202303,蘇澳港,332234,0,165009,167225
202303,安平港,125601,11520,10332,103749
202304,國際商港,56924909,40302549,11996649,4625711
202304,基隆港,5479016,4713786,510332,254898
202304,臺中港,9749057,4628664,3904642,1215751
202304,高雄港,32600896,25570854,4410889,2619153
202304,花蓮港,985476,0,918540,66936
202304,臺北港,7632643,5378733,2028533,225377
202304,蘇澳港,313815,0,162062,151753
202304,安平港,164006,10512,61651,91843
202305,國際商港,59638360,43246134,11799697,4592529
202305,基隆港,5529305,4828815,431031,269459
202305,臺中港,9920551,4751721,3938632,1230198
202305,高雄港,35278101,28155483,4530708,2591910
202305,花蓮港,533511,0,500886,32625
202305,臺北港,7842105,5503707,2119332,219066
202305,蘇澳港,301512,0,140610,160902
202305,安平港,233275,6408,138498,88369
202306,國際商港,56160361,39741318,12584436,3834607
202306,基隆港,5060406,4480578,312466,267362
202306,臺中港,9437126,4633875,3671862,1131389
202306,高雄港,32296656,25861599,4437297,1997760
202306,花蓮港,765843,0,718755,47088
202306,臺北港,8180145,4758822,3218316,203007
202306,蘇澳港,334159,0,210405,123754
202306,安平港,86026,6444,15335,64247
202307,國際商港,53934500,38985408,11353216,3595876
202307,基隆港,5166475,4737024,253333,176118
202307,臺中港,10046608,4724424,4107594,1214590
202307,高雄港,30252528,24651540,3778078,1822910
202307,花蓮港,728181,0,693153,35028
202307,臺北港,7304902,4869540,2236322,199040
202307,蘇澳港,297272,0,239864,57408
202307,安平港,138534,2880,44872,90782
202308,國際商港,57405686,41753817,11608000,4043869
202308,基隆港,5271224,4698612,256401,316211
202308,臺中港,10742547,5076153,4227353,1439041
202308,高雄港,33843260,27391491,4634502,1817267
202308,花蓮港,698654,0,681557,17097
202308,臺北港,6273170,4579533,1474051,219586
202308,蘇澳港,431573,0,285724,145849
202308,安平港,145258,8028,48412,88818
202309,國際商港,56914234,41674185,10748629,4491420
202309,基隆港,5387692,4614786,435488,337418
202309,臺中港,10276594,4871934,3846336,1558324
202309,高雄港,34430597,28025415,4224409,2180773
202309,花蓮港,716017,0,690022,25995
202309,臺北港,5626498,4158306,1273808,194384
202309,蘇澳港,319093,0,205432,113661
202309,安平港,157743,3744,73134,80865
202310,國際商港,54931551,40140315,10632671,4158565
202310,基隆港,5185796,4556925,281075,347796
202310,臺中港,9745358,4776849,3605099,1363410
202310,高雄港,32800743,26554347,4231831,2014565
202310,花蓮港,813452,0,784638,28814
202310,臺北港,5923605,4246362,1476146,201097
202310,蘇澳港,351544,0,218628,132916
202310,安平港,111053,5832,35254,69967
202311,國際商港,54653443,40673430,9869251,4110762
202311,基隆港,5386967,4797441,301254,288272
202311,臺中港,9820456,4974885,3489054,1356517
202311,高雄港,32237496,26503344,3785470,1948682
202311,花蓮港,701234,0,652035,49199
202311,臺北港,5995155,4393944,1395340,205871
202311,蘇澳港,349455,0,176935,172520
202311,安平港,162680,3816,69163,89701
202312,國際商港,56402461,41944221,10001577,4456663
202312,基隆港,5670759,5065506,279423,325830
202312,臺中港,10185850,5087826,3725794,1372230
202312,高雄港,33391322,27378261,3707335,2305726
202312,花蓮港,764469,0,740524,23945
202312,臺北港,5994348,4409532,1312788,272028
202312,蘇澳港,298154,0,223711,74443
202312,安平港,97559,3096,12002,82461
202401,國際商港,56901196,41500440,10932606,4468150
202401,基隆港,5801103,5235534,294828,270741
202401,臺中港,10649109,5113251,3900590,1635268
202401,高雄港,33000784,26635239,4429912,1935633
202401,花蓮港,1005795,0,943031,62764
202401,臺北港,5973037,4512744,1165150,295143
202401,蘇澳港,323869,0,152899,170970
202401,安平港,147499,3672,46196,97631
202402,國際商港,50862224,35322057,11182612,4357555
202402,基隆港,3887629,3426912,237408,223309
202402,臺中港,8153833,3920688,2971464,1261681
202402,高雄港,30424470,24572178,3430155,2422137
202402,花蓮港,552865,0,520375,32490
202402,臺北港,4564180,3393351,977049,193780
202402,蘇澳港,352056,0,197394,154662
202402,安平港,2927191,8928,2848767,69496
202403,國際商港,58887782,43822512,10173885,4891385
202403,基隆港,5362557,4835691,280204,246662
202403,臺中港,10310494,5413671,3263720,1633103
202403,高雄港,35972033,29192130,4303596,2476307
202403,花蓮港,724186,0,691322,32864
202403,臺北港,5762020,4378356,1134099,249565
202403,蘇澳港,378737,0,227737,151000
202403,安平港,377755,2664,273207,101884
202404,國際商港,56912149,40795119,11856782,4260248
202404,基隆港,5575219,5006574,318850,249795
202404,臺中港,10087258,4744332,4175932,1166994
202404,高雄港,33526177,27030600,4126331,2369246
202404,花蓮港,689670,0,673041,16629
202404,臺北港,5571729,4011813,1345319,214597
202404,蘇澳港,330693,0,181064,149629
202404,安平港,1131403,1800,1036245,93358
202405,國際商港,59910326,42852537,12480716,4577073
202405,基隆港,5865893,5250879,297951,317063
202405,臺中港,10437340,4829886,4279094,1328360
202405,高雄港,35380138,28403136,4508638,2468364
202405,花蓮港,725027,0,668690,56337
202405,臺北港,6121713,4365900,1542408,213405
202405,蘇澳港,358557,0,227577,130980
202405,安平港,1021658,2736,956358,62564
202406,國際商港,60172733,43883037,11716913,4572783
202406,基隆港,5806049,5281497,292429,232123
202406,臺中港,10790157,5165253,4310995,1313909
202406,高雄港,36298364,29065365,4652405,2580594
202406,花蓮港,496989,0,468978,28011
202406,臺北港,5925168,4367466,1352316,205386
202406,蘇澳港,386731,0,252004,134727
202406,安平港,469275,3456,387786,78033
202407,國際商港,55467640,39515931,11447667,4504042
202407,基隆港,5603634,4959747,311603,332284
202407,臺中港,10611194,4815351,4401162,1394681
202407,高雄港,32076599,25643070,4105138,2328391
202407,花蓮港,739493,0,720810,18683
202407,臺北港,5598794,4096035,1246254,256505
202407,蘇澳港,344559,0,225947,118612
202407,安平港,493367,1728,436753,54886
202408,國際商港,62741209,45023337,12707357,5010515
202408,基隆港,6046835,5374944,338112,333779
202408,臺中港,10642004,4835781,4156679,1649544
202408,高雄港,37415347,30070710,4859944,2484693
202408,花蓮港,803103,0,735778,67325
202408,臺北港,6491470,4734990,1443263,313217
202408,蘇澳港,259283,0,167745,91538
202408,安平港,1083167,6912,1005836,70419
202409,國際商港,57874026,40239180,13089680,4545166
202409,基隆港,5474440,4804650,371777,298013
202409,臺中港,9954989,4268142,3908055,1778792
202409,高雄港,33091072,27036054,3932793,2122225
202409,花蓮港,709628,0,694984,14644
202409,臺北港,5545075,4122990,1195832,226253
202409,蘇澳港,240676,0,190558,50118
202409,安平港,2858146,7344,2795681,55121
202410,國際商港,53125601,37232325,11675863,4217413
202410,基隆港,5005424,4494312,265341,245771
202410,臺中港,8877312,4061997,3275589,1539726
202410,高雄港,31191718,24707052,4391752,2092914
202410,花蓮港,688957,0,682197,6760
202410,臺北港,5289052,3968100,1067987,252965
202410,蘇澳港,212124,0,187871,24253
202410,安平港,1861014,864,1805126,55024
202411,國際商港,57788135,41968908,11457562,4361665
202411,基隆港,5795742,5215941,309103,270698
202411,臺中港,11282871,4864941,4579406,1838524
202411,高雄港,32995359,27110997,3983101,1901261
202411,花蓮港,581383,0,561411,19972
202411,臺北港,6212081,4771269,1216332,224480
202411,蘇澳港,330719,0,286316,44403
202411,安平港,589980,5760,521893,62327
202412,國際商港,61577178,45031410,11623925,4921843
202412,基隆港,6067229,5499648,339358,228223
202412,臺中港,11788840,5176431,4832102,1780307
202412,高雄港,36046535,29572092,3999204,2475239
202412,花蓮港,845883,0,776909,68974
202412,臺北港,6431642,4769487,1401687,260468
202412,蘇澳港,298408,0,248024,50384
202412,安平港,98641,13752,26641,58248
202501,國際商港,60281058,41297895,13639328,5343835
202501,基隆港,5256070,4636863,295937,323270
202501,臺中港,12531143,4590360,6080548,1860235
202501,高雄港,34794172,27843822,4169078,2781272
202501,花蓮港,664355,0,622976,41379
202501,臺北港,5719694,4217922,1309824,191948
202501,蘇澳港,289568,0,222907,66661
202501,安平港,1026056,8928,938058,79070
202502,國際商港,49646891,35941158,9325044,4380689
202502,基隆港,4280210,3779451,247034,253725
202502,臺中港,8820144,3838275,3539628,1442241
202502,高雄港,30633672,24726411,3641164,2266097
202502,花蓮港,528768,0,500389,28379
202502,臺北港,4936806,3580605,1126673,229528
202502,蘇澳港,292874,0,176757,116117
202502,安平港,154417,16416,93399,44602
202503,國際商港,59890673,42863580,11905335,5121758
202503,基隆港,5392960,4898511,312169,182280
202503,臺中港,11375226,4990419,4809125,1575682
202503,高雄港,35320796,28245861,4248125,2826810
202503,花蓮港,904703,0,794644,110059
202503,臺北港,6313431,4721121,1349634,242676
202503,蘇澳港,369765,0,248820,120945
202503,安平港,213792,7668,142818,63306
202504,國際商港,59835194,40337550,14961635,4536009
202504,基隆港,5546194,5004603,280522,261069
202504,臺中港,13931708,4765086,7735453,1431169
202504,高雄港,32666809,26241408,4069109,2356292
202504,花蓮港,737729,0,706471,31258
202504,臺北港,6279070,4318029,1712453,248588
202504,蘇澳港,363625,0,216933,146692
202504,安平港,310059,8424,240694,60941
202505,國際商港,64861656,41979105,18339972,4542579
202505,基隆港,5726599,5084622,314887,327090
202505,臺中港,15312469,5092722,8875420,1344327
202505,高雄港,35926583,27119214,6359700,2447669
202505,花蓮港,776116,0,702867,73249
202505,臺北港,6486225,4678227,1596180,211818
202505,蘇澳港,341899,0,269594,72305
202505,安平港,291765,4320,221324,66121
202506,國際商港,62580262,41395230,17054789,4130243
202506,基隆港,5680339,4923126,562648,194565
202506,臺中港,14436601,4943574,8270417,1222610
202506,高雄港,33639881,26882280,4465531,2292070
202506,花蓮港,696739,0,654334,42405
202506,臺北港,6318769,4644738,1509346,164685
202506,蘇澳港,327504,0,181762,145742
202506,安平港,1480429,1512,1410751,68166
202507,國際商港,55395747,39954537,12026227,3414983
202507,基隆港,5466898,4893579,340662,232657
202507,臺中港,9764764,4578489,4085368,1100907
202507,高雄港,31330465,26056746,3621921,1651798
202507,花蓮港,781434,0,737422,44012
202507,臺北港,7253449,4424535,2617595,211319
202507,蘇澳港,329877,0,216534,113343
202507,安平港,468860,1188,406725,60947
202508,國際商港,58006348,41313042,12216829,4476477
202508,基隆港,5646256,5007528,340398,298330
202508,臺中港,10801336,4942188,4324739,1534409
202508,高雄港,33672398,27149688,4341264,2181446
202508,花蓮港,642502,0,621908,20594
202508,臺北港,6713315,4208274,2244874,260167
202508,蘇澳港,349271,0,224326,124945
202508,安平港,181270,5364,119320,56586
202509,國際商港,52990203,37933353,11189663,3867187
202509,基隆港,5389348,4859334,314650,215364
202509,臺中港,10058349,4476915,4055808,1525626
202509,高雄港,30122131,24745257,3720112,1656762
202509,花蓮港,747973,0,682694,65279
202509,臺北港,6088698,3845583,1996932,246183
202509,蘇澳港,403851,144,323836,79871
202509,安平港,179853,6120,95631,78102
202510,國際商港,52131124,38012166,10253530,3865428
202510,基隆港,5042754,4468239,357477,217038
202510,臺中港,9699968,4391550,3850399,1458019
202510,高雄港,30819438,25099281,3928445,1791712
202510,花蓮港,621170,0,613999,7171
202510,臺北港,5592037,4043016,1290588,258433
202510,蘇澳港,222401,0,141639,80762
202510,安平港,133356,10080,70983,52293
